序号,运营商,充电站点标准名称,服务类型,区县具体地址,快充接口数,慢充接口数,地域范围,所在地类型,source_row,geocode_query,lon_wgs84,lat_wgs84,geocode_status,_lon,_lat,_status,_addr,corridor_kw_hint
22,中石油昆仑网电,汇智大厦,社会公用,海淀区学清路9号汇智大厦进门右转,2,0,四环至五环,写字楼办公区,3,北京市海淀区学清路9号汇智大厦进门右转,116.344833,40.018511,ok,116.344833,40.018511,ok,海淀区学清路9号汇智大厦进门右转,
81,北京电力公司,北京市海淀区京仪大厦地面公共充电站,社会公用,北京市海淀区大钟寺东路9号京仪宾馆地面停车场,2,0,四环至五环,工业园区/厂区,6,北京市海淀区大钟寺东路9号京仪宾馆地面停车场,116.331982,39.970321,ok,116.331982,39.970321,ok,北京市海淀区大钟寺东路9号京仪宾馆地面停车场,
83,北京电力公司,北京市海淀区清华大学汽车所公共充电站,社会公用,北京市海淀区清华大学校内汽车工程系停车场,1,4,四环至五环,教育院校,7,北京市海淀区清华大学校内汽车工程系停车场,116.320793,40.0019,ok,116.320793,40.0019,ok,北京市海淀区清华大学校内汽车工程系停车场,
86,北京电力公司,北京市海淀区腾达大厦地下公共充电站,社会公用,"北京市海淀区西直门外大街168号，腾达大厦地下停车场（B1地下车库015.016.017,021-030)",5,0,二环至三环,工业园区/厂区,10,"北京市海淀区西直门外大街168号，腾达大厦地下停车场（B1地下车库015.016.017,021-030)",116.321973,39.93667,ok,116.321973,39.93667,ok,"北京市海淀区西直门外大街168号，腾达大厦地下停车场（B1地下车库015.016.017,021-030)",
105,北京电力公司,北京市海淀区翠微商场公共充电站,社会公用,北京市海淀区花园路2号翠微商场西门入口左侧,0,3,三环至四环,商业区,11,北京市海淀区花园路2号翠微商场西门入口左侧,116.345321,39.983166,ok,116.345321,39.983166,ok,北京市海淀区花园路2号翠微商场西门入口左侧,
106,北京电力公司,北京市海淀区牡丹电子集团公共充电站,社会公用,北京市海淀区花园路2号牡丹电子集团地面停车场东侧过道内,2,9,三环至四环,工业园区/厂区,12,北京市海淀区花园路2号牡丹电子集团地面停车场东侧过道内,116.345321,39.983166,ok,116.345321,39.983166,ok,北京市海淀区花园路2号牡丹电子集团地面停车场东侧过道内,
119,北京电力公司,北京市海淀区清华科技园公共充电站,社会公用,北京市海淀区中关村东路1号谷歌大厦门口,3,22,四环至五环,工业园区/厂区,14,北京市海淀区中关村东路1号谷歌大厦门口,116.324043,39.992004,ok,116.324043,39.992004,ok,北京市海淀区中关村东路1号谷歌大厦门口,
158,特来电,中科院软件园充电站,社会公用,北京市海淀区中关村南四街4号（地面）,4,5,三环至四环,科技园区,18,北京市海淀区中关村南四街4号（地面）,116.329481,39.978992,ok,116.329481,39.978992,ok,北京市海淀区中关村南四街4号（地面）,
163,依威能源,数码大厦,社会公用,北京市海淀区中关村南大街2号院,0,9,二环至三环,商务办公区,19,北京市海淀区中关村南大街2号院,116.317013,39.964807,ok,116.317013,39.964807,ok,北京市海淀区中关村南大街2号院,
185,特来电,首都体育学院地上充电站,社会公用,北京市海淀北三环西路11,6,3,三环至四环,科研院所,25,北京市海淀北三环西路11,116.341363,39.968795,ok,116.341363,39.968795,ok,北京市海淀北三环西路11,
210,星星充电,钻河中心,社会公用,海淀区交大东路66号院地面及地下车库,3,15,二环至三环,写字楼办公区,27,北京市海淀区交大东路66号院地面及地下车库,116.344591,39.943534,ok,116.344591,39.943534,ok,海淀区交大东路66号院地面及地下车库,
231,中石油昆仑网电,中科院计算机技术研究所,社会公用,海淀区北四环保福寺桥,2,6,三环至四环,科技园区,28,北京市海淀区北四环保福寺桥,116.327141,39.984403,ok,116.327141,39.984403,ok,海淀区北四环保福寺桥,
240,畅的智能,北大附中,社会公用,海淀黄庄北京大学附属中学地下停车场,2,28,四环至五环,教育院校,29,北京市海淀黄庄北京大学附属中学地下停车场,116.31406,39.976053,ok,116.31406,39.976053,ok,海淀黄庄北京大学附属中学地下停车场,
243,中石油昆仑网电,海淀区中航广场地下停车场公共充电站,社会公用,海淀区北三环西路43号,3,7,三环至四环,写字楼办公区,31,北京市海淀区北三环西路43号,116.323887,39.967654,ok,116.323887,39.967654,ok,海淀区北三环西路43号,
339,北京电力公司,北京市海淀区国家图书馆公共充电站,社会公用,北京市海淀区中关村南大街33号,10,0,二环至三环,工业园区/厂区,33,北京市海淀区中关村南大街33号,116.317802,39.943094,ok,116.317802,39.943094,ok,北京市海淀区中关村南大街33号,
344,北京电力公司,北京市海淀区顺事嘉业创业园公共充电站,社会公用,北京市海淀区朱房路66号顺事嘉业创业园,4,0,五环至六环,工业园区/厂区,36,北京市海淀区朱房路66号顺事嘉业创业园,116.327973,40.025728,ok,116.327973,40.025728,ok,北京市海淀区朱房路66号顺事嘉业创业园,
357,北京电力公司,北京市海淀区用友软件园公共充电站,社会公用,北京市海淀区中科院光电技术所食堂楼停车场,8,0,五环至六环,工业园区/厂区,37,北京市海淀区中科院光电技术所食堂楼停车场,116.324299,39.981876,ok,116.324299,39.981876,ok,北京市海淀区中科院光电技术所食堂楼停车场,
360,北京电力公司,北京市海淀区中国农业科学院公共充电站,社会公用,北京市海淀区北下关街道中国农科院社区,8,0,二环至三环,教育院校,38,北京市海淀区北下关街道中国农科院社区,116.319525,39.956606,ok,116.319525,39.956606,ok,北京市海淀区北下关街道中国农科院社区,
380,北京电力公司,北京市海淀区铁科嘉苑饭店公共充电站,社会公用,北京市海淀区大柳树路6号铁科嘉苑饭店停车场,3,0,二环至三环,酒店宾馆,39,北京市海淀区大柳树路6号铁科嘉苑饭店停车场,116.330309,39.952183,ok,116.330309,39.952183,ok,北京市海淀区大柳树路6号铁科嘉苑饭店停车场,
382,北京电力公司,北京市海淀区中科院自动化所院外公共充电站,社会公用,北京市海淀区中关村东路95号中科院自动化所院外停车场,2,0,三环至四环,教育院校,40,北京市海淀区中关村东路95号中科院自动化所院外停车场,116.326876,39.978033,ok,116.326876,39.978033,ok,北京市海淀区中关村东路95号中科院自动化所院外停车场,
452,华商三优,海淀区大钟寺家居广场优易充小站,社会公用,海淀区北三环西路蓝景丽家大钟寺家居广场南,2,0,三环至四环,其他,50,北京市海淀区北三环西路蓝景丽家大钟寺家居广场南,116.333273,39.96541,ok,116.333273,39.96541,ok,海淀区北三环西路蓝景丽家大钟寺家居广场南,
453,华商三优,海淀区节能大厦优易充小站,社会公用,海淀区西直门北大街道路东侧节能大厦门前,2,0,二环至三环,其他,51,北京市海淀区西直门北大街道路东侧节能大厦门前,116.350757,39.949739,ok,116.350757,39.949739,ok,海淀区西直门北大街道路东侧节能大厦门前,
456,华商三优,海淀区北京邮电大学优易充小站,社会公用,海淀区北太平庄学院南路道路北京邮电大学旁,2,0,二环至三环,其他,53,北京市海淀区北太平庄学院南路道路北京邮电大学旁,116.351898,39.960186,ok,116.351898,39.960186,ok,海淀区北太平庄学院南路道路北京邮电大学旁,
467,中石油昆仑网电,方圆大厦,社会公用,海淀区中关村南大街甲56号地下停车场,3,3,二环至三环,商务办公区,54,北京市海淀区中关村南大街甲56号地下停车场,116.323521,39.938062,ok,116.323521,39.938062,ok,海淀区中关村南大街甲56号地下停车场,
722,中石油昆仑网电,海淀区京宝行地上公共充电站,社会公用,北京市海淀区学院路34号,0,1,四环至五环,车企4S店,64,北京市海淀区学院路34号,116.346039,39.98627,ok,116.346039,39.98627,ok,北京市海淀区学院路34号,
902,北京电力公司,北京市海淀区中科院物理所北院公共充电站,社会公用,北京市海淀区中关村南三街8号中科院物理所北院停车场,14,2,三环至四环,教育院校,71,北京市海淀区中关村南三街8号中科院物理所北院停车场,116.324299,39.981876,ok,116.324299,39.981876,ok,北京市海淀区中关村南三街8号中科院物理所北院停车场,
905,北京电力公司,北京市海淀区中科院物理所南院公共充电站,社会公用,北京市海淀区中关村南三街8号中科院基础科学园区M楼东侧,12,4,三环至四环,教育院校,73,北京市海淀区中关村南三街8号中科院基础科学园区M楼东侧,116.324299,39.981876,ok,116.324299,39.981876,ok,北京市海淀区中关村南三街8号中科院基础科学园区M楼东侧,
906,北京电力公司,北京市海淀区中航工业勘察设计研究院公共充电站,社会公用,北京海淀区中关村东路中航工业勘察设计研究院对面拓中航市场停车场,2,4,三环至四环,公共停车场,74,北京市北京海淀区中关村东路中航工业勘察设计研究院对面拓中航市场停车场,116.327315,39.983046,ok,116.327315,39.983046,ok,北京海淀区中关村东路中航工业勘察设计研究院对面拓中航市场停车场,
1060,万马爱充,万马爱充东大停车场（南区）,社会公用,北京市海淀区上地西路与G7京新高速出口交叉口西南50米东大停车场内,40,0,五环至六环,公共停车场,81,北京市海淀区上地西路与G7京新高速出口交叉口西南50米东大停车场内,116.318749,40.02996,ok,116.318749,40.02996,ok,北京市海淀区上地西路与G7京新高速出口交叉口西南50米东大停车场内,
1061,万马爱充,万马爱充东大停车场站（北区）,社会公用,北京市海淀区上地西路与G7京新高速出口交叉口西南50米东大停车场内,72,0,五环至六环,公共停车场,82,北京市海淀区上地西路与G7京新高速出口交叉口西南50米东大停车场内,116.318749,40.02996,ok,116.318749,40.02996,ok,北京市海淀区上地西路与G7京新高速出口交叉口西南50米东大停车场内,
1064,北京驿联,北京海淀区航空航天大学本校IRC大楼南侧充电站,社会公用,北京市海淀区学院路37号,6,7,三环至四环,教育院校,83,北京市海淀区学院路37号,116.344749,39.979269,ok,116.344749,39.979269,ok,北京市海淀区学院路37号,
1065,北京驿联,北京海淀区航空航天大学本校校医院西侧充电站,社会公用,北京市海淀区学院路37号,0,7,三环至四环,教育院校,84,北京市海淀区学院路37号,116.344749,39.979269,ok,116.344749,39.979269,ok,北京市海淀区学院路37号,
1067,北京驿联,北京语言大学充电站,社会公用,北京市海淀区学院路15号,2,6,四环至五环,教育院校,86,北京市海淀区学院路15号,116.350306,39.997814,ok,116.350306,39.997814,ok,北京市海淀区学院路15号,
1068,北京驿联,北京市海淀区师范大学科技楼西侧停车场,社会公用,北京市海淀区新街口外大街19号科技楼西侧,2,6,二环至三环,教育院校,87,北京市海淀区新街口外大街19号科技楼西侧,116.360081,39.960195,ok,116.360081,39.960195,ok,北京市海淀区新街口外大街19号科技楼西侧,
1075,一充科技,北京海淀银网中心充电站,社会公用,知春路113号银网中心地下二层停车场,8,0,三环至四环,商务办公区,88,北京市知春路113号银网中心地下二层停车场,116.314655,39.975333,ok,116.314655,39.975333,ok,知春路113号银网中心地下二层停车场,
1088,华商三优,海淀区城建大厦优易充小站,社会公用,海淀区北太平庄路18号,3,0,三环至四环,商务办公区,90,北京市海淀区北太平庄路18号,116.364827,39.967471,ok,116.364827,39.967471,ok,海淀区北太平庄路18号,
1139,吉事能源,北科大体育馆地上充电站,社会公用,北京市海淀区学院路30号,6,14,四环至五环,教育院校,96,北京市海淀区学院路30号,116.358721,39.988013,ok,116.358721,39.988013,ok,北京市海淀区学院路30号,
1171,北京碧辟新能源,海淀区中关村资本大厦,社会公用,北京市海淀区学院路62号,4,0,二环至三环,商务办公区,99,北京市海淀区学院路62号,116.346385,39.976945,ok,116.346385,39.976945,ok,北京市海淀区学院路62号,
1200,北京电力公司,北京市海淀区友谊宾馆充电站,社会公用,北京市海淀区中关村南大街1号,4,2,二环至三环,酒店宾馆,103,北京市海淀区中关村南大街1号,116.313407,39.962949,ok,116.313407,39.962949,ok,北京市海淀区中关村南大街1号,
1216,润诚达,北京舞蹈学院,社会公用,北京市海淀区万寿寺路1号,6,0,二环至三环,教育院校,105,北京市海淀区万寿寺路1号,116.313084,39.945752,ok,116.313084,39.945752,ok,北京市海淀区万寿寺路1号,
1294,智通充电,八家嘉园园区地面停车位,社会公用,海淀区月泉路八家嘉园园区地面停车场,0,6,四环至五环,公共停车场,107,北京市海淀区月泉路八家嘉园园区地面停车场,116.337303,40.015175,ok,116.337303,40.015175,ok,海淀区月泉路八家嘉园园区地面停车场,
1302,智通充电,八家嘉园地下停车场,社会公用,海淀区月泉路八家嘉园地下停车场,0,7,四环至五环,公共停车场,110,北京市海淀区月泉路八家嘉园地下停车场,116.337145,40.014301,ok,116.337145,40.014301,ok,海淀区月泉路八家嘉园地下停车场,
1332,吉事能源,北京金五星科技园充电站,社会公用,北京市海淀区中关村东路118号南门停车场,24,0,三环至四环,科技园区,112,北京市海淀区中关村东路118号南门停车场,116.32873,39.967484,ok,116.32873,39.967484,ok,北京市海淀区中关村东路118号南门停车场,
1448,惠车充,北京国际大厦,社会公用,北京市海淀区北下关街道中关村南大街甲18号北京·国际大厦北侧,8,0,二环至三环,商务办公区,120,北京市海淀区北下关街道中关村南大街甲18号北京·国际大厦北侧,116.318138,39.952598,ok,116.318138,39.952598,ok,北京市海淀区北下关街道中关村南大街甲18号北京·国际大厦北侧,
1452,一充科技,北京海淀嘉豪国际充电站,社会公用,北京市海淀区嘉豪国际大厦地面停车场,8,0,三环至四环,商务办公区,121,北京市海淀区嘉豪国际大厦地面停车场,116.318138,39.952598,ok,116.318138,39.952598,ok,北京市海淀区嘉豪国际大厦地面停车场,
1703,开迈斯,北京市海淀区京果商厦直流站,社会公用,四道口路2号,3,0,二环内,商务办公区,142,北京市四道口路2号,116.339346,39.958815,ok,116.339346,39.958815,ok,四道口路2号,
1707,开迈斯,北京市海淀文化艺术大厦直流站,社会公用,北京市海淀区中关村街道知春路海淀剧院中关村大街与知春路交叉口东侧108米,16,0,二环内,商务办公区,143,北京市海淀区中关村街道知春路海淀剧院中关村大街与知春路交叉口东侧108米,116.318801,39.974041,ok,116.318801,39.974041,ok,北京市海淀区中关村街道知春路海淀剧院中关村大街与知春路交叉口东侧108米,
1709,特来电,中国人民大学立德楼地库充电站,社会公用,北京市市辖区海淀区海淀街道中国人民大学,2,6,三环至四环,教育院校,144,北京市市辖区海淀区海淀街道中国人民大学,116.313701,39.968989,ok,116.313701,39.968989,ok,北京市市辖区海淀区海淀街道中国人民大学,
1719,吉事能源,吉事充五道口嘉园充电站,社会公用,北京市海淀区学院路街道暂安处2号院五道口嘉园,6,0,四环至五环,公共停车场,146,北京市海淀区学院路街道暂安处2号院五道口嘉园,116.333521,39.988632,ok,116.333521,39.988632,ok,北京市海淀区学院路街道暂安处2号院五道口嘉园,
1762,开迈斯,北京市海淀区大钟寺怡和8号院直流站,社会公用,北京市海淀区四道口北街大钟寺8号,8,0,二环至三环,商务办公区,149,北京市海淀区四道口北街大钟寺8号,116.333273,39.96541,ok,116.333273,39.96541,ok,北京市海淀区四道口北街大钟寺8号,
2034,北京碧辟新能源,海淀区蓝景丽家大钟寺充电站,社会公用,中关村街道北三环西路219号,18,0,五环至六环,商业区,159,北京市中关村街道北三环西路219号,116.32362,39.96746,ok,116.32362,39.96746,ok,中关村街道北三环西路219号,
2327,广州小鹏,北京蓝景丽家大钟寺家居S4小鹏超快充站,社会公用,蓝景丽家地面车位（入口：北三环西路辅路），北京市海淀区北三环西路23号院,6,0,三环至四环,商业区,174,蓝景丽家地面车位（入口：北三环西路辅路），北京市海淀区北三环西路23号院,116.323177,39.965854,ok,116.323177,39.965854,ok,蓝景丽家地面车位（入口：北三环西路辅路），北京市海淀区北三环西路23号院,
2368,中石油昆仑网电,中国矿业大学学院路校区充电站,社会公用,北京海淀区学院路丁11号东1们进直行500米右转再直行200米侧逸夫楼旁边,4,6,四环至五环,教育院校,181,北京市北京海淀区学院路丁11号东1们进直行500米右转再直行200米侧逸夫楼旁边,116.342183,39.996189,ok,116.342183,39.996189,ok,北京海淀区学院路丁11号东1们进直行500米右转再直行200米侧逸夫楼旁边,
2412,蔚来,蔚来超充站北京清河水木天成,社会公用,北京市海淀区G6辅路与清河路交叉口东北方向60米,2,0,五环至六环,体育场馆,188,北京市海淀区G6辅路与清河路交叉口东北方向60米,116.344567,40.025945,ok,116.344567,40.025945,ok,北京市海淀区G6辅路与清河路交叉口东北方向60米,
2500,京电博源,（公共站）北京市海淀区中关村集成电路设计园2号楼C座地下二层停车场公共充电站,社会公用,北京市海淀区中关村集成电路设计园2号楼D座地下二层停车场,8,2,五环至六环,村镇,194,北京市海淀区中关村集成电路设计园2号楼D座地下二层停车场,116.345321,39.983166,ok,116.345321,39.983166,ok,北京市海淀区中关村集成电路设计园2号楼D座地下二层停车场,
2501,京电博源,（公共站）北京市海淀区中关村集成电路设计园2号楼D座地下二层停车场公共充电站,社会公用,北京市海淀区中关村集成电路设计园2号楼D座地下二层停车场,8,2,五环至六环,村镇,195,北京市海淀区中关村集成电路设计园2号楼D座地下二层停车场,116.345321,39.983166,ok,116.345321,39.983166,ok,北京市海淀区中关村集成电路设计园2号楼D座地下二层停车场,
