海淀区不可移动文物名录 &nbsp;&nbsp;&nbsp;
截止 2023年4月 &nbsp;&nbsp;&nbsp;&nbsp;&nbsp;&nbsp;&nbsp;&nbsp;
海淀区共有不可移动文物 328处，其中全国重点文物保护单位22处，北京市文物保护单位29处，海淀区文物保护单位101处，文物普查登记项目176处。
序号,名称,级别,文物类型,发文单位,管理使用单位,位置,所属街镇,开放情况
1,真觉寺金刚宝座 （五塔寺塔）,全国重点文物保护单位,古建筑,北京石刻艺术博物馆 &nbsp;,北京石刻艺术博物馆 &nbsp;,五塔寺村 24号,北下关街道,景区、博物馆、酒店对外开放
2,颐和园,全国重点文物保护单位,古建筑,颐和园管理处,颐和园管理处,新建宫门路 19号,青龙桥街道,景区、博物馆、酒店对外开放
3,圆明园遗址,全国重点文物保护单位,古遗址,圆明园管理处,圆明园管理处,清华西路 28号,青龙桥街道,景区、博物馆、酒店对外开放
4,觉生寺,全国重点文物保护单位,古建筑,大钟寺古钟博物馆,大钟寺古钟博物馆,北三环西路甲 31号,中关村街道,景区、博物馆、酒店对外开放
5,景泰陵,全国重点文物保护单位,古墓葬,北京卫戍区海淀第十三离职干部休养所,北京卫戍区海淀第十三离职干部休养所,香山路娘娘府 2号,青龙桥街道,未开放
6,碧云寺,全国重点文物保护单位,古建筑,香山公园管理处,香山公园管理处,香山公园北侧,香山街道,景区、博物馆、酒店对外开放
7,大慧寺,全国重点文物保护单位,古建筑,海淀区文物保护中心（博物馆）,海淀区文物保护中心（博物馆）,大慧寺路 11号,北下关街道,未开放
8,十方普觉寺,全国重点文物保护单位,古建筑,北京植物园,北京植物园,北京植物园内,香山街道,景区、博物馆、酒店对外开放
9,未名湖燕园建筑,全国重点文物保护单位,近现代重要史迹及代表性建筑,北京大学,北京大学,颐和园路 5号北京大学内,燕园街道,未开放
10,清华大学早期建筑,全国重点文物保护单位,近现代重要史迹及代表性建筑,清华大学,清华大学,清华大学校园西部,清华园街道,未开放
11,元大都城墙遗址 （海淀段）,全国重点文物保护单位,古遗址,海淀区园林绿化局,海淀区园林绿化局,西段：明光桥向北至学知路口 北段：学知路口向东至朝阳区,花园路街道,自然开放
12,大觉寺,全国重点文物保护单位,古建筑,北京西山大觉寺与团城管理处,北京西山大觉寺与团城管理处,大觉寺路 9号,苏家坨镇,景区、博物馆、酒店对外开放
13,静明园,全国重点文物保护单位,古建筑,中央警卫团,中央警卫团,玉泉山,海淀镇,未开放
14,健锐营演武厅,全国重点文物保护单位,古建筑,北京西山大觉寺与团城管理处,北京西山大觉寺与团城管理处,香山南路红旗村 1号,香山街道,景区、博物馆、酒店对外开放
15,万寿寺,全国重点文物保护单位,古建筑,北京艺术博物馆,北京艺术博物馆,万寿寺东路 119号,紫竹院街道,景区、博物馆、酒店对外开放
16,辛亥滦州起义纪念园,全国重点文物保护单位,近现代重要史迹及代表性建筑,北京老年医院,北京老年医院,温泉镇温泉路 118号（北京老年医院内）,温泉镇,自然开放
17,摩诃庵,全国重点文物保护单位,古建筑,区教委,海淀区八里庄小学,八里庄街 7号八里庄小学,八里庄街道,未开放
18,慈寿寺塔,全国重点文物保护单位,古建筑,海淀区园林绿化局,海淀区园林绿化局,海淀区西八里庄北里 3号,八里庄街道,自然开放
19,大运河 （广源闸、高梁闸）,全国重点文物保护单位,古建筑,北京市水务局城市河湖管理处、北下关街道办事处头堆社区,北京市水务局城市河湖管理处、北下关街道办事处头堆社区,南长河沿线,紫竹院街道、北下关街道,自然开放
20,醇亲王墓,全国重点文物保护单位,古墓葬,中华人民共和国商务部,中华人民共和国商务部绿化基地,七王坟路 17号,苏家坨镇,未开放
21,双清别墅,全国重点文物保护单位,近现代重要史迹及代表性建筑,香山公园管理处,香山公园管理处,香山街道买卖街 40号,香山街道,景区、博物馆、酒店对外开放
22,宋庆龄儿童科学技术馆,全国重点文物保护单位,近现代重要史迹及代表性建筑,宋庆龄基金会,宋庆龄基金会,玉渊潭八一湖南岸,羊坊店街道,景区、博物馆、酒店对外开放
23,“三·一八”烈士纪念碑 &nbsp;,北京市文物保护单位,近现代重要史迹及代表性建筑,圆明园管理处,圆明园管理处,圆明园内后湖南,青龙桥街道,景区、博物馆、酒店对外开放
24,贝家花园,北京市文物保护单位,近现代重要史迹及代表性建筑,北京大美西山文化传播有限责任公司,北京大美西山文化传播有限责任公司,苏家坨镇贝家花园路 5号,苏家坨镇,景区、博物馆、酒店对外开放
25,鹫峰地震台,北京市文物保护单位,近现代重要史迹及代表性建筑,中国地震局地球物理研究所,中国地震局地球物理研究所,苏家坨镇秀峰路 46号,苏家坨镇,未开放
26,李大钊烈士陵园,北京市文物保护单位,近现代重要史迹及代表性建筑,北京市民政局,北京市民政局 万安公墓,万安公墓内,四季青镇,未开放
27,梁启超墓,北京市文物保护单位,近现代重要史迹及代表性建筑,北京植物园,北京植物园,北京植物园内，卧佛寺东,香山街道,景区、博物馆、酒店对外开放
28,孙岳墓,北京市文物保护单位,近现代重要史迹及代表性建筑,北京老年医院,北京老年医院,温泉路 118号北京老年医院内,温泉镇,未开放
29,承泽园,北京市文物保护单位,古建筑,北京大学,北京大学,海淀区挂甲屯,燕园街道,未开放
30,达园,北京市文物保护单位,古建筑,国家机关事务管理局宾馆管理中心,国家机关事务管理局宾馆管理中心,颐和园路福缘门甲 1号,青龙桥街道,未开放
31,钓鱼台与养源斋,北京市文物保护单位,古建筑,外交部钓鱼台宾馆管理局,外交部钓鱼台宾馆管理局,玉渊潭东,甘家口街道,未开放
32,定慧寺,北京市文物保护单位,古建筑,北京卫戍区海淀第 50干休所,北京卫戍区海淀第 50干休所,阜成路 66号,八里庄街道,未开放
33,广济桥,北京市文物保护单位,古建筑,清河街道,清河街道市民活动中心,清河南镇小月河上,清河街道,自然开放
34,广仁宫（西顶）,北京市文物保护单位,古建筑,西顶娘娘庙,西顶娘娘庙,四季青蓝靛厂 6号,曙光街道,未开放
35,黑龙潭及龙王庙,北京市文物保护单位,古建筑,北京市卫生局,北京市卫生局,温泉镇太舟坞村,温泉镇,未开放
36,静宜园,北京市文物保护单位,古建筑,香山公园管理处,香山公园管理处,香山街道买卖街 40号,香山街道,景区、博物馆、酒店对外开放
37,乐家花园,北京市文物保护单位,古建筑,区教委,海淀区教育委员会 (现由有信东方物业公司管理),苏州街 29号,海淀街道,对外开放（餐饮）
38,普照寺,北京市文物保护单位,古建筑,北京林业大学实验林场,北京林业大学实验林场,苏家坨镇徐各庄村,苏家坨镇,景区、博物馆、酒店对外开放
39,上庄东岳庙,北京市文物保护单位,古建筑,解放军联勤保障部队第 984医院,解放军联勤保障部队第 984医院,上庄镇永泰庄,上庄镇,未开放
40,旭华之阁及松堂,北京市文物保护单位,近现代重要史迹及代表性建筑,香山公园管理处、 解放军 32081部队,香山公园管理处 解放军 32081部队,香山南路南河滩,香山街道,未开放
41,孚郡王墓,北京市文物保护单位,古墓葬,锡华实业投资集团有限公司、区教委,锡华实业投资集团有限公司 （阳宅）海淀区学校后勤管理中心,苏家坨镇草场村,苏家坨镇,未开放
42,清河汉城遗址,北京市文物保护单位,古遗址,清河街道,清河街道市民活动中心,清河街道朱房村,清河街道,未开放
43,魏太和造像,北京市文物保护单位,石窟寺及石刻,苏家坨镇,苏家坨镇,苏家坨镇车耳营村 71号,苏家坨镇,未开放
44,上方寺遗存,北京市文物保护单位,古遗址,凤凰岭公园,凤凰岭公园,凤凰岭路 19号北京凤凰岭景区内,苏家坨镇,景区、博物馆、酒店对外开放
45,恩佑寺山门,北京市文物保护单位,古建筑,海淀街道,海淀街道,颐和园路 5号北京大学西门外,海淀街道,自然开放
46,恩慕寺山门,北京市文物保护单位,古建筑,海淀街道,海淀街道,颐和园路 5号北京大学西门外,海淀街道,自然开放
47,颐和园升平署,北京市文物保护单位,古建筑,中央党校,中央党校,颐和园路大有庄 100号,青龙桥街道,未开放
48,上义师范学校黑山扈校区旧址,北京市文物保护单位,近现代重要史迹及代表性建筑,中国人民解放军第八医学中心,中国人民解放军第八医学中心,黑山扈路甲 17号,青龙桥街道,未开放
49,佟麟阁将军墓,北京市文物保护单位,近现代重要史迹及代表性建筑,抗战名将纪念馆,抗战名将纪念馆,香山北正黄旗村 18号,香山街道,景区、博物馆、酒店对外开放
50,中央党校南院近代建筑群,北京市文物保护单位,近现代重要史迹及代表性建筑,中央党校,中央党校,颐和园路大有庄 100号,青龙桥街道,未开放
51,清华园车站,北京市文物保护单位,近现代重要史迹及代表性建筑,中国铁路北京局集团有限公司,中国铁路北京局集团有限公司,北京铁路局清华园铁路宿舍 1-2号之间,中关村街道,未开放
52,中法大学附属中学旧址,海淀区文物保护单位,近现代重要史迹及代表性建筑,区教委,北京市第四十七中学,苏家坨镇北安河村,苏家坨镇,未开放
53,熊希龄墓园,海淀区文物保护单位,近现代重要史迹及代表性建筑,香山街道,无,香山街道香山煤厂街,香山街道,未开放
54,小屯村侵华日军飞机掩体遗址,海淀区文物保护单位,近现代重要史迹及代表性建筑,武警总部,武警总部,海淀区四季青镇小屯村,四季青镇,未开放
55,香山慈幼院址,海淀区文物保护单位,近现代重要史迹及代表性建筑,香山公园管理处,香山公园管理处,香山公园管理处院内,香山街道,景区、博物馆、酒店对外开放
56,显龙山石刻,海淀区文物保护单位,近现代重要史迹及代表性建筑,北京老年医院,北京老年医院,温泉镇显龙山,温泉镇,自然开放
57,万安公墓,海淀区文物保护单位,近现代重要史迹及代表性建筑,北京市民政局,北京市民政局 万安公墓,四季青镇万安里北,四季青镇,未开放
58,孙传芳墓,海淀区文物保护单位,近现代重要史迹及代表性建筑,北京植物园,北京植物园,北京植物园内,香山街道,景区、博物馆、酒店对外开放
59,清河制呢厂办公楼,海淀区文物保护单位,近现代重要史迹及代表性建筑,清河街道,清河街道市民活动中心,清河街道学府树家园东,清河街道,未开放
60,齐白石墓,海淀区文物保护单位,近现代重要史迹及代表性建筑,北京市民政局,北京市民政局金山陵园,金山陵园内,香山街道,自然开放
61,门头新村甲 8号四合院,海淀区文物保护单位,近现代重要史迹及代表性建筑,永泰房地产 (集团)有限公司,永泰房地产 (集团)有限公司,四季青镇门头新村甲 8号,四季青镇,未开放
62,梅兰芳墓,海淀区文物保护单位,近现代重要史迹及代表性建筑,北京市西山林场,北京市西山林场,北辛村北万花山上,香山街道,自然开放
63,马连良墓,海淀区文物保护单位,近现代重要史迹及代表性建筑,北京市西山林场,北京市西山林场,北辛村北万花山上,香山街道,自然开放
64,蒋家胡同四合院,海淀区文物保护单位,近现代重要史迹及代表性建筑,北京大学,北京大学,颐和园路 5号北京大学内,燕园街道,未开放
65,凤凰岭石刻,海淀区文物保护单位,近现代重要史迹及代表性建筑,凤凰岭公园,凤凰岭公园,苏家坨镇凤凰岭公园内,苏家坨镇,景区、博物馆、酒店对外开放
66,鹫峰山庄,海淀区文物保护单位,古建筑,北京林业大学实验林场,北京林业大学实验林场,鹫峰国家森林公园内,苏家坨镇,景区、博物馆、酒店对外开放
67,刘半农墓,海淀区文物保护单位,近现代重要史迹及代表性建筑,北京市西山林场,北京市西山林场,玉皇顶上,香山街道,自然开放
68,刘天华墓,海淀区文物保护单位,近现代重要史迹及代表性建筑,北京市西山林场,北京市西山林场,玉皇顶上,香山街道,自然开放
69,六郎庄烈士纪念碑,海淀区文物保护单位,近现代重要史迹及代表性建筑,海淀镇,万柳集团,海淀镇六郎庄村,海淀镇,自然开放
70,六郎庄田世光故居,海淀区文物保护单位,近现代重要史迹及代表性建筑,海淀镇,万柳集团,海淀镇六郎庄村小狮子胡同 18号,海淀镇,未开放
71,蓟门烟树碑,海淀区文物保护单位,石窟寺及石刻,海淀区园林绿化局,海淀区园林绿化局,花园路街道西土城路甲 2号,花园路街道,自然开放
72,金河堤诗碑,海淀区文物保护单位,石窟寺及石刻,海淀区园林绿化局,海淀区园林绿化局,火器营桥北，京密引水渠西,四季青镇,自然开放
73,妙觉禅寺遗址,海淀区文物保护单位,古遗址,凤凰岭公园,凤凰岭公园,苏家坨镇聂各庄村西凤凰岭公园内,苏家坨镇,景区、博物馆、酒店对外开放
74,明照洞瑞云庵,海淀区文物保护单位,古遗址,凤凰岭公园,凤凰岭公园,苏家坨镇聂各庄村西凤凰岭公园内,苏家坨镇,景区、博物馆、酒店对外开放
75,妙峰山香道中北道遗址,海淀区文物保护单位,古遗址,阳台山公园管理处,北京阳台山旅游开发中心,苏家坨镇阳台山公园内,苏家坨镇,景区、博物馆、酒店对外开放
76,法海寺遗址,海淀区文物保护单位,古遗址,北京市西山林场,北京市西山林场,红旗村万安山,香山街道,景区、博物馆、酒店对外开放
77,凤凰岭旮旯庵及石窟遗址,海淀区文物保护单位,古遗址,凤凰岭公园,凤凰岭公园,苏家坨镇凤凰岭公园内,苏家坨镇,景区、博物馆、酒店对外开放
78,功德寺遗址,海淀区文物保护单位,古建筑,海淀分局,海淀分局,四季青镇功德寺 1号,海淀镇,未开放
79,瑞王坟,海淀区文物保护单位,古墓葬,北京市林业果树研究院,北京市林业果树研究院,四季青镇瑞王坟村甲 12号,四季青镇,未开放
80,高时明墓,海淀区文物保护单位,古墓葬,苏家坨镇,苏家坨镇,苏家坨镇大工村,苏家坨镇,未开放
81,大牛坊关帝庙,海淀区文物保护单位,古建筑,西北旺镇,西北旺镇,西北旺镇大牛坊村,西北旺镇,未开放
82,大有庄小学四合院,海淀区文物保护单位,古建筑,区教委,海淀区青龙桥学区管理中心,青龙桥街道大有庄村北上坡 15号,青龙桥街道,未开放
83,东公所,海淀区文物保护单位,古建筑,国际关系学院,国际关系学院,青龙桥街道坡上村 12号院,青龙桥街道,未开放
84,董四墓娘娘庙,海淀区文物保护单位,古建筑,区教委,海淀区培星小学,厢红旗董四墓村培星小学,青龙桥街道,未开放
85,恩济庄关帝庙,海淀区文物保护单位,古建筑,北京卫戍区海淀第 46离职干部休养所,北京卫戍区海淀第 46离职干部休养所,海淀区八里庄街道恩济庄 57号,八里庄街道,未开放
86,法华寺,海淀区文物保护单位,古建筑,区教委,中央民族大学幼儿园,紫竹院街道魏公村西南，法华寺路 1号,紫竹院街道,未开放
87,范长喜宅院,海淀区文物保护单位,古建筑,区教委,北京市海淀区教育科学研究院,苏家坨镇北安河村,苏家坨镇,未开放
88,公主坟门殿建筑,海淀区文物保护单位,古建筑,北京金都园林绿化有限责任公司,北京金都园林绿化有限责任公司,新兴桥西南绿地中,羊坊店街道,未开放
89,海淀镇彩和坊 24号四合院,海淀区文物保护单位,古建筑,北京市海淀区国有资产投资集团有限公司,北京市海淀区国有资产投资集团有限公司,海淀街道中关村西区，彩和坊路 24号,海淀街道,对外开放（餐饮）
90,韩家川东庙,海淀区文物保护单位,古建筑,西北旺镇,西北旺镇,西北旺镇韩家川村,西北旺镇,未开放
91,韩家川西庙,海淀区文物保护单位,古建筑,西北旺镇,西北旺镇,西北旺镇韩家川村,西北旺镇,未开放
92,湖山罨画坊,海淀区文物保护单位,古建筑,海淀镇,海淀镇,海淀镇玉泉山东,海淀镇,自然开放
93,护国寺戏台,海淀区文物保护单位,古建筑,区教委,海淀区寄读学校,温泉镇温泉村,温泉镇,未开放
94,护国佑民观音禅林,海淀区文物保护单位,古建筑,苏家坨镇,苏家坨镇,苏家坨镇聂各庄村,苏家坨镇,未开放
95,黄庄双关帝庙,海淀区文物保护单位,古建筑,北科建,北科建,海淀街道中关村大街与丹棱街交汇处,海淀街道,未开放
96,火神庙,海淀区文物保护单位,古建筑,北京大学,北京大学,燕园街道中关村北，圆明园路与海淀路交汇处东北角,燕园街道,未开放
97,极乐寺,海淀区文物保护单位,古建筑,北京市金梦圆房地产开发有限公司,北京市金梦圆房地产开发有限公司,北下关街道太平庄村，紫御府小区内,北下关街道,未开放
98,金仙庵,海淀区文物保护单位,古建筑,北京大学,北京大学,苏家坨镇北安河村西,苏家坨镇,未开放
99,冷泉福泉寺,海淀区文物保护单位,古建筑,西北旺镇,西北旺镇,西北旺镇冷泉村,西北旺镇,未开放
100,冷泉关帝庙,海淀区文物保护单位,古建筑,西北旺镇,西北旺镇,西北旺镇冷泉村,西北旺镇,未开放
101,立马关帝庙,海淀区文物保护单位,古建筑,北京市道教协会,北京市道教协会,蓝靛厂大街东端,曙光街道,未开放
102,莲花寺,海淀区文物保护单位,古建筑,解放军 66736部队,解放军 66736部队,苏家坨镇北安河村,苏家坨镇,未开放
103,六郎庄茶棚,海淀区文物保护单位,古建筑,海淀镇,万柳集团,海淀镇六郎庄村,海淀镇,未开放
104,六郎庄真武庙,海淀区文物保护单位,古建筑,海淀镇,万柳集团,海淀镇六郎庄村，六郎庄街 1号,海淀镇,未开放
105,龙泉寺,海淀区文物保护单位,古建筑,凤凰岭公园,凤凰岭公园,苏家坨镇车耳营村凤凰岭路 27号,苏家坨镇,景区、博物馆、酒店对外开放
106,龙泉寺万缘茶棚,海淀区文物保护单位,古建筑,凤凰岭公园,凤凰岭公园,苏家坨镇凤凰岭公园内,苏家坨镇,景区、博物馆、酒店对外开放
107,龙王圣母庙,海淀区文物保护单位,古建筑,解放军联勤保障部队第 984医院,解放军联勤保障部队第 984医院,上庄镇永泰庄村,上庄镇,未开放
108,鲁班庙,海淀区文物保护单位,古建筑,区教委,北京市六一幼儿园,六间房 1号六一幼儿园大庙,海淀镇,未开放
109,马甸黑寺,海淀区文物保护单位,古建筑,区教委,海淀区民族小学,北太平庄街道民族小学内,花园路街道,未开放
110,城子山东岳娘娘庙,海淀区文物保护单位,古建筑,空军 95801部队,空军 95801部队,城子山村城子山上,温泉镇,未开放
111,慈恩寺,海淀区文物保护单位,古建筑,海淀镇,海淀镇,青龙桥路 5号,海淀镇,未开放
112,大高玄殿牌坊,海淀区文物保护单位,古建筑,中央党校,中央党校,青龙桥街道大有庄 100号,青龙桥街道,未开放
113,北坞金山寺及戏楼,海淀区文物保护单位,古建筑,四季青镇,四季青镇,四季青镇北坞村 268号,四季青镇,未开放
114,北玉河关帝庙,海淀区文物保护单位,古建筑,解放军联勤保障部队第 984医院,解放军联勤保障部队第 984医院,上庄镇北玉河村,上庄镇,未开放
115,车耳营关帝庙,海淀区文物保护单位,古建筑,苏家坨镇,苏家坨镇,苏家坨镇车耳营村,苏家坨镇,自然开放
116,北安河双关帝庙,海淀区文物保护单位,古建筑,苏家坨镇,苏家坨镇,苏家坨镇北安河村,苏家坨镇,未开放
117,北安河玉皇庙,海淀区文物保护单位,古建筑,苏家坨镇,苏家坨镇,苏家坨镇北安河村,苏家坨镇,未开放
118,北坞关帝庙,海淀区文物保护单位,古建筑,四季青镇,四季青镇,四季青镇北坞村 30号,四季青镇,未开放
119,安宁庄兴隆寺,海淀区文物保护单位,古建筑,北京市海淀区兴安工业公司,北京市海淀区兴安工业公司,清河街道安宁庄,清河街道,未开放
120,白塔庵塔,海淀区文物保护单位,古建筑,中国国家画院,中国国家画院,西三环北路 54号,甘家口街道,未开放
121,佰王园,海淀区文物保护单位,古建筑,区教委,北京市八一学校小学部,彩和坊 19号,海淀街道,未开放
122,马甸清真寺,海淀区文物保护单位,古建筑,区民宗办,海淀区伊斯兰教协会,花园路街道北太平庄马甸南村 7号,花园路街道,未开放
123,妙云寺,海淀区文物保护单位,古建筑,海房投,海房投,四季青镇普安店村,四季青镇,未开放
124,普安塔,海淀区文物保护单位,古建筑,国家机关事务管理局,国家机关事务管理局,香山街道正蓝旗村,香山街道,未开放
125,树村清真寺,海淀区文物保护单位,古建筑,区民宗办,海淀区伊斯兰教协会,上地街道树村，圆明园大北门外,上地街道,未开放
126,唐家岭关帝庙,海淀区文物保护单位,古建筑,西北旺镇,西北旺镇,西北旺镇唐家岭村,西北旺镇,对外开放（乡情村史馆）
127,田村关帝庙,海淀区文物保护单位,古建筑,四季青镇,四季青镇,田村,田村路街道,未开放
128,万寿寺龙王庙,海淀区文物保护单位,古建筑,紫竹院街道,紫竹院街道,紫竹院街道万寿寺村，广源闸桥东北 30米处,紫竹院街道,未开放
129,蔚秀园古建群,海淀区文物保护单位,古建筑,北京大学,北京大学,燕园街道北京大学蔚秀园内,燕园街道,自然开放
130,温泉菩萨庙,海淀区文物保护单位,古建筑,温泉镇,温泉镇,温泉镇温泉村,温泉镇,未开放
131,吴家花园,海淀区文物保护单位,古建筑,中华人民共和国国家安全部,中华人民共和国国家安全部,青龙桥街道挂甲屯,青龙桥街道,未开放
132,西北旺关帝庙,海淀区文物保护单位,古建筑,西北旺镇,西北旺镇,西北旺镇西北旺村,西北旺镇,自然开放
133,西埠头兴善寺,海淀区文物保护单位,古建筑,苏家坨镇,苏家坨镇,苏家坨镇西埠头村,苏家坨镇,未开放
134,西禅寺,海淀区文物保护单位,古建筑,北京润地置业有限公司,北京润地置业有限公司,四季青镇小屯村,四季青镇,未开放
135,香山八旗高等小学,海淀区文物保护单位,古建筑,区教委,海淀区香山小学,香山街道正黄旗村 36号,香山街道,未开放
136,香岩寺,海淀区文物保护单位,古建筑,北京市海育亮世文化投资有限公司,北京市海育亮世文化投资有限公司,西北旺镇永丰屯村,西北旺镇,未开放
137,镶白旗碉楼,海淀区文物保护单位,古建筑,北京植物园,北京植物园,北京植物园内,香山街道,景区、博物馆、酒店对外开放
138,镶红旗碉楼,海淀区文物保护单位,古建筑,北京市西山林场,北京市西山林场,香山街道红旗村 3号院,香山街道,未开放
139,响塘庙,海淀区文物保护单位,古建筑,北京林业大学实验林场,北京林业大学实验林场,苏家坨镇北安河村秀峰寺路 45号,苏家坨镇,景区、博物馆、酒店对外开放
140,肖家河延福庵,海淀区文物保护单位,古建筑,海淀镇,海淀镇,马连洼街道肖家河村 1号,海淀镇,未开放
141,秀峰寺,海淀区文物保护单位,古建筑,北京林业大学实验林场,北京林业大学实验林场,苏家坨镇北安河村秀峰寺路 45号,苏家坨镇,景区、博物馆、酒店对外开放
142,晏公祠,海淀区文物保护单位,古建筑,北京市西山林场,北京市西山林场,四季青镇万安山麓,香山街道,未开放
143,一亩园娘娘庙,海淀区文物保护单位,古建筑,北京市海育亮世文化投资有限公司,北京市海育亮世文化投资有限公司,青龙桥街道一亩园社区,青龙桥街道,未开放
144,怡贤亲王祠,海淀区文物保护单位,古建筑,区教委,海淀区翠微小学白家疃校区,温泉镇白家疃村,温泉镇,未开放
145,隐修庵,海淀区文物保护单位,古建筑,海淀镇,海淀镇,青龙桥路 5号,海淀镇,未开放
146,永山宅院,海淀区文物保护单位,古建筑,海淀区文物保护中心（博物馆）,海淀区文物保护中心（博物馆）,曙光街道晴波园小区东,曙光街道,未开放
147,正白旗北庙,海淀区文物保护单位,古建筑,区教委,北京市海淀区四王府小学,香山街道正白旗村甲 9号,香山街道,未开放
148,治贝子园,海淀区文物保护单位,古建筑,北京大学,北京大学,颐和园路 5号北京大学邱德拔体育馆西侧治贝子园,燕园街道,未开放
149,正蓝旗清代碉楼,海淀区文物保护单位,古建筑,国家机关事务管理局,国家机关事务管理局,香山街道正蓝旗村,香山街道,未开放
150,周家巷娘娘庙,海淀区文物保护单位,古建筑,苏家坨镇,苏家坨镇,苏家坨镇周家巷村温泉路 161号,苏家坨镇,未开放
151,周云端和尚塔,海淀区文物保护单位,古建筑,苏家坨镇,苏家坨镇,苏家坨镇徐各庄村,苏家坨镇,自然开放
152,紫竹院行宫 &nbsp;&nbsp;,海淀区文物保护单位,古建筑,紫竹院公园,紫竹院公园,紫竹院街道中关村南路 35号,紫竹院街道,景区、博物馆、酒店对外开放
153,恩济庄太监墓群,文物普查登记项目,古墓葬,八里庄街道,八里庄街道,21世纪实验学校西墙外,八里庄街道,自然开放
154,李莲英墓,文物普查登记项目,古墓葬,北京市二十一世纪国际学校,北京市二十一世纪国际学校,恩济庄西街 46号21世纪实验学校院内,八里庄街道,未开放
155,笑祖塔院,文物普查登记项目,古建筑,北京市佛教协会,北京市佛教协会,笑祖塔院街 42号,北太平庄街道,未开放
156,马家祠堂,文物普查登记项目,近现代重要史迹及代表性建筑,个人,个人,马甸公园东北角，健安西路与京藏高速交汇处西南,花园路街道,未开放
157,皂君庙碑,文物普查登记项目,石窟寺及石刻,大钟寺派出所,大钟寺派出所,皂君庙 16号大钟寺派出所,北下关街道,未开放
158,秘密教禅牒大师铭,文物普查登记项目,石窟寺及石刻,海淀区文物保护中心（博物馆）,海淀区文物保护中心（博物馆）,北下关街道大慧寺内,苏家坨镇,未开放
159,高梁桥娘娘庙,文物普查登记项目,古建筑,北京焯桥房地产开发有限公司,北京焯桥房地产开发有限公司,北下关街道交大东路 56号院南侧,北下关街道,未开放
160,广通寺碑,文物普查登记项目,石窟寺及石刻,北下关街道,北下关街道,交大东路 41号院,北下关街道,自然开放
161,首都体育馆,文物普查登记项目,近现代重要史迹及代表性建筑,国家体育总局冬季运动管理中心,国家体育总局冬季运动管理中心,中关村南大街 56号,北下关街道,未开放
162,新疆维吾尔自治区驻京办事处 1号楼,文物普查登记项目,近现代重要史迹及代表性建筑,新疆维吾尔自治区驻京办事处,新疆维吾尔自治区驻京办事处,三里河路 7号,甘家口街道,未开放
163,建设部办公楼,文物普查登记项目,近现代重要史迹及代表性建筑,中华人民共和国住建部,中华人民共和国住建部,三里河路 9号,甘家口街道,未开放
164,苏州街教场小庙碑,文物普查登记项目,石窟寺及石刻,区教委,北京市第十九中学,万泉河路 83号十九中院内,海淀街道,未开放
165,萨利宅院,文物普查登记项目,古建筑,北科建,北科建,中关村大街 15-3号,海淀街道,未开放
166,海淀清真寺,文物普查登记项目,古建筑,区民宗办,海淀区伊斯兰教协会,苏州街 27号,海淀街道,未开放
167,北京电影制片厂近现代建筑群,文物普查登记项目,近现代重要史迹及代表性建筑,北京电影制片厂,北京电影制片厂,北三环中路 77号,花园路街道,未开放
168,北京航空航天大学近现代建筑群,文物普查登记项目,近现代重要史迹及代表性建筑,北京航空航天大学,北京航空航天大学,学院路 37号,花园路街道,未开放
169,中央党校主楼,文物普查登记项目,近现代重要史迹及代表性建筑,中央党校,中央党校,大有庄路 100号,青龙桥街道,未开放
170,西公所,文物普查登记项目,古建筑,中央党校,中央党校,坡上村 13号院,青龙桥街道,未开放
171,大有庄极乐寺,文物普查登记项目,古建筑,北京海房安泰置业有限公司,北京海房安泰置业有限公司,大有庄极乐寺 10号,青龙桥街道,未开放
172,青龙桥后街 30号古建,文物普查登记项目,古建筑,个人,个人,青龙桥后街 30号,海淀镇,未开放
173,青龙桥穿堂门 4号院古建,文物普查登记项目,古建筑,海淀镇,海淀镇,青龙桥穿堂门胡同 4号,海淀镇,未开放
174,耶律铸夫妇墓,文物普查登记项目,古墓葬,颐和园管理处,颐和园管理处,新建宫门路 19号颐和园内,青龙桥街道,未开放
175,四槐居万古长青碑,文物普查登记项目,石窟寺及石刻,颐和园管理处,颐和园管理处,新建宫门路 19号颐和园内,青龙桥街道,景区、博物馆、酒店对外开放
176,清河清真寺,文物普查登记项目,古建筑,区民宗办,海淀区伊斯兰教协会,清河二街,清河街道,未开放
177,上清桥无名坟,文物普查登记项目,古墓葬,清河街道,清河街道市民活动中心,清河街道上清桥下,清河街道,自然开放
178,清华大学新林院 8号,文物普查登记项目,近现代重要史迹及代表性建筑,清华大学,清华大学,清华大学新林院 8号,清华园街道,未开放
179,清华大学近现代建筑群,文物普查登记项目,近现代重要史迹及代表性建筑,清华大学,清华大学,清华大学校内,清华园街道,未开放
180,镶黄旗关帝庙,文物普查登记项目,古建筑,海淀镇,树村村委会,镶黄旗万树园小区内,上地街道,自然开放
181,北京体育大学近现代建筑,文物普查登记项目,近现代重要史迹及代表性建筑,北京体育大学,北京体育大学,信息路 48号,上地街道,未开放
182,蓝靛厂清真寺,文物普查登记项目,古建筑,区民宗办,海淀区伊斯兰教协会,蓝靛厂街 40号,曙光街道,未开放
183,固山贝子墓碑,文物普查登记项目,石窟寺及石刻,万寿宾馆,万寿宾馆,万寿路甲 12号万寿宾馆内,万寿路街道,景区、博物馆、酒店对外开放
184,沙窝三义庙,文物普查登记项目,古建筑,中国人民解放军总院（ 301医院）,中国人民解放军总院（ 301医院）,太平路甲 25号院明日家园小区,万寿路街道,未开放
185,康熙诰命碑,文物普查登记项目,石窟寺及石刻,海淀卫生学校（隶属区卫健委）,海淀卫生学校,海淀卫生学校内,西三旗街道,未开放
186,植物园关帝庙,文物普查登记项目,古建筑,北京植物园,北京植物园,北京植物园内,香山街道,景区、博物馆、酒店对外开放
187,王锡彤墓园,文物普查登记项目,近现代重要史迹及代表性建筑,北京植物园,北京植物园,北京植物园内,香山街道,景区、博物馆、酒店对外开放
188,张绍增墓,文物普查登记项目,近现代重要史迹及代表性建筑,北京植物园,北京植物园,北京植物园内,香山街道,景区、博物馆、酒店对外开放
189,周家花园,文物普查登记项目,近现代重要史迹及代表性建筑,北京植物园,北京植物园,北京植物园内,香山街道,景区、博物馆、酒店对外开放
190,广泉寺界碑,文物普查登记项目,石窟寺及石刻,北京植物园,北京植物园,北京植物园内,香山街道,景区、博物馆、酒店对外开放
191,隆教寺遗址,文物普查登记项目,古遗址,北京植物园,北京植物园,北京植物园内,香山街道,景区、博物馆、酒店对外开放
192,民先队夏令营革命石刻,文物普查登记项目,近现代重要史迹及代表性建筑,北京植物园,北京植物园,北京植物园内,香山街道,景区、博物馆、酒店对外开放
193,滕公墓,文物普查登记项目,古墓葬,解放军 32081部队,解放军 32081部队,空军技术勤务八所内,香山街道,未开放
194,香山八旗印房,文物普查登记项目,古建筑,香山街道,香山街道,香山北正黄旗 21号,香山街道,未开放
195,北辛村关帝庙,文物普查登记项目,古建筑,北京首农香山会议中心有限公司,北京首农香山会议中心有限公司,香山街道北辛村 28号,香山街道,未开放
196,木兰柁摩崖石刻,文物普查登记项目,近现代重要史迹及代表性建筑,北京市西山林场,北京市西山林场,香山玉皇顶东侧木兰柁,香山街道,自然开放
197,木兰柁静观石刻,文物普查登记项目,近现代重要史迹及代表性建筑,北京市西山林场,北京市西山林场,香山玉皇顶东侧木兰柁,香山街道,自然开放
198,静福寺遗址,文物普查登记项目,古遗址,北京市西山林场,北京市西山林场,香山玉皇顶东侧木兰柁,香山街道,自然开放
199,贵福之父墓,文物普查登记项目,古墓葬,北京市西山林场,北京市西山林场,香山玉皇顶东侧木兰柁,香山街道,自然开放
200,香山北辛村石桥,文物普查登记项目,古建筑,海淀区城市管理委员会,海淀区城市管理委员会,香山街道买卖街 1号院前,香山街道,自然开放
201,中科院植物园乾隆碑,文物普查登记项目,石窟寺及石刻,中科院植物园,中科院植物园,香山南辛村 20号中科院植物园院内,香山街道,景区、博物馆、酒店对外开放
202,小南园排房,文物普查登记项目,近现代重要史迹及代表性建筑,香山公园管理处,香山公园管理处,香山公园内,香山街道,景区、博物馆、酒店对外开放
203,广慧庵,文物普查登记项目,古建筑,中国农业科学院蜜蜂研究所,中国农业科学院蜜蜂研究所,北京植物园内,香山街道,景区、博物馆、酒店对外开放
204,方振武筑路碑,文物普查登记项目,近现代重要史迹及代表性建筑,香山公园管理处,香山公园管理处,香山公园内,香山街道,景区、博物馆、酒店对外开放
205,正白旗 39号院,文物普查登记项目,古建筑,北京植物园,北京植物园,北京植物园曹雪芹纪念馆内,香山街道,景区、博物馆、酒店对外开放
206,北京林业大学近现代建筑群,文物普查登记项目,近现代重要史迹及代表性建筑,北京林业大学,北京林业大学,清华东路 35号,学院路街道,未开放
207,中国农业大学近现代建筑群,文物普查登记项目,近现代重要史迹及代表性建筑,中国农业大学,中国农业大学,清华东路 17号,学院路街道,未开放
208,北京科技大学近现代建筑群,文物普查登记项目,近现代重要史迹及代表性建筑,北京科技大学,北京科技大学,学院路 30号,学院路街道,未开放
209,中国矿业大学民族楼,文物普查登记项目,近现代重要史迹及代表性建筑,中国矿业大学,中国矿业大学,学院路丁 11号院,学院路街道,未开放
210,埃德加 •斯诺墓,文物普查登记项目,近现代重要史迹及代表性建筑,北京大学,北京大学,颐和园路 5号北京大学未名湖南岸,燕园街道,未开放
211,重修慈济寺山门,文物普查登记项目,古建筑,北京大学,北京大学,颐和园路 5号北京大学未名湖南岸,燕园街道,未开放
212,北京大学三一八烈士墓碑,文物普查登记项目,近现代重要史迹及代表性建筑,北京大学,北京大学,颐和园路 5号北京大学校史馆东侧,燕园街道,未开放
213,北京大学燕南园万古流芳碑,文物普查登记项目,石窟寺及石刻,北京大学,北京大学,颐和园路 5号北京大学燕南园,燕园街道,未开放
214,北京大学静园碑刻,文物普查登记项目,石窟寺及石刻,北京大学,北京大学,颐和园路 5号北京大学静园,燕园街道,未开放
215,北京大学抗日战争联络点,文物普查登记项目,近现代重要史迹及代表性建筑,北京大学,北京大学,颐和园路 5号北京大学办公楼东,燕园街道,未开放
216,葛利普墓,文物普查登记项目,近现代重要史迹及代表性建筑,北京大学,北京大学,颐和园路 5号北京大学校史馆西南,燕园街道,未开放
217,北京大学近现代建筑群,文物普查登记项目,近现代重要史迹及代表性建筑,北京大学,北京大学,颐和园路 5号,燕园街道,未开放
218,镜春园,文物普查登记项目,古建筑,北京大学,北京大学,颐和园路 5号北京大学内,燕园街道,未开放
219,普会寺石经幢,文物普查登记项目,石窟寺及石刻,羊坊店街道,羊坊店街道,普会南里 18号楼北,羊坊店街道,自然开放
220,中国军事博物馆,文物普查登记项目,近现代重要史迹及代表性建筑,中国军事博物馆,中国军事博物馆,复兴路 9号,羊坊店街道,景区、博物馆、酒店对外开放
221,延庆寺,文物普查登记项目,古建筑,新兴集团,新兴集团,西三环与南长河交汇处东侧,紫竹院街道,未开放
222,文家坟石狮,文物普查登记项目,石窟寺及石刻,中国兵器工业集团公司,中国兵器工业集团公司,车道沟 10号,紫竹院街道,未开放
223,北京理工大学近现代建筑群,文物普查登记项目,近现代重要史迹及代表性建筑,北京理工大学,北京理工大学,中关村南大街 5号,紫竹院街道,未开放
224,中央民族大学近现代建筑群,文物普查登记项目,近现代重要史迹及代表性建筑,中央民族大学,中央民族大学,中关村南大街 27号,紫竹院街道,未开放
225,北京友谊宾馆,文物普查登记项目,近现代重要史迹及代表性建筑,北京友谊宾馆,北京友谊宾馆,中关村南大街 1号,紫竹院街道,景区、博物馆、酒店对外开放
226,北京外国语大学近现代建筑群,文物普查登记项目,近现代重要史迹及代表性建筑,北京外国语大学,北京外国语大学,西三环北路 2号,紫竹院街道,未开放
227,老虎洞席棚商铺,文物普查登记项目,古建筑,海淀区园林绿化局,海淀区园林绿化局,北四环与海淀路间的绿化带中间,海淀街道,未开放
228,兴隆寺,文物普查登记项目,古建筑,北京界剑网络技术有限公司,北京界剑网络技术有限公司,安河桥大街 2号,青龙桥街道,未开放
229,安河桥村小庙,文物普查登记项目,古建筑,&nbsp;,海淀镇,海淀镇安河桥村,海淀镇,未开放
230,承泽园观音庵,文物普查登记项目,古建筑,北京大学,北京大学,海淀区挂甲屯,燕园街道,未开放
231,勺园篓斗桥,文物普查登记项目,古建筑,北京大学,北京大学,北京大学西侧,燕园街道,未开放
232,延寿寺,文物普查登记项目,古建筑,区教委,海淀区东升实验小学,东升镇前八家村 7号,东升镇,未开放
233,康熙十九年谕祭碑,文物普查登记项目,石窟寺及石刻,北京城建集团,北京城建集团,东升镇马坊村,东升镇,自然开放
234,双槐树某坟阳宅,文物普查登记项目,古建筑,区教委,北京教育学院附属海淀实验小学,四季青镇双槐树,四季青镇,未开放
235,样式雷家族墓地,文物普查登记项目,古墓葬,四季青镇,四季青镇,四季青镇巨山村,四季青镇,自然开放
236,刘藜照夫妇墓碑,文物普查登记项目,近现代重要史迹及代表性建筑,四季青镇,四季青镇,四季青镇门头村,四季青镇,自然开放
237,礼王坟,文物普查登记项目,古墓葬,四季青镇,四季青镇,四季青镇门头村,四季青镇,自然开放
238,南辛庄关帝庙,文物普查登记项目,古建筑,四季青镇,四季青镇,四季青镇南辛庄,四季青镇,未开放
239,遗光寺,文物普查登记项目,古建筑,解放军 61195部队,解放军 61195部队,青龙桥街道董四墓村,青龙桥街道,未开放
240,郑国才墓,文物普查登记项目,近现代重要史迹及代表性建筑,北京市西山林场,北京市西山林场,玉皇顶山上,香山街道,自然开放
241,祁耿寰墓,文物普查登记项目,近现代重要史迹及代表性建筑,北京市西山林场,北京市西山林场,玉皇顶山上,香山街道,自然开放
242,周和桐墓,文物普查登记项目,近现代重要史迹及代表性建筑,北京市西山林场,北京市西山林场,四季青镇北辛村万花山上,香山街道,自然开放
243,言少朋墓,文物普查登记项目,近现代重要史迹及代表性建筑,北京市西山林场,北京市西山林场,四季青镇北辛村万花山上,香山街道,自然开放
244,袁进南夫妇墓,文物普查登记项目,近现代重要史迹及代表性建筑,四季青镇,四季青镇,四季青镇香泉环岛西侧,四季青镇,未开放
245,官碾房 1号古建房,文物普查登记项目,古建筑,中央警卫团,中央警卫团,玉泉山路与厢红旗交汇处东北,海淀镇,未开放
246,吴佩孚张佩兰墓,文物普查登记项目,近现代重要史迹及代表性建筑,四季青镇,四季青镇,四季青镇普安店,四季青镇,未开放
247,昌化寺遗址,文物普查登记项目,古遗址,松鹤山庄,松鹤山庄,黄土坡 2号,四香山街道,未开放
248,四王府清真寺,文物普查登记项目,古建筑,区民宗办,海淀伊斯兰教协会,四王府村 36号,香山街道,未开放
249,巨山村关帝庙,文物普查登记项目,古建筑,区教委,海淀区教师进修学校附属实验小学,四季青镇巨山村巨山小学,四季青镇,未开放
250,实胜寺碑,文物普查登记项目,石窟寺及石刻,四季青镇,四季青镇,四季青镇门头村,四季青镇,未开放
251,挂甲塔,文物普查登记项目,古建筑,四季青镇,四季青镇,四季青镇过街塔村,四季青镇,未开放
252,常乐村青苗庙,文物普查登记项目,古建筑,上庄镇,上庄镇,上庄镇常乐村 479号,上庄镇,未开放
253,东小营菩萨庙,文物普查登记项目,古建筑,上庄镇,上庄镇,上庄镇东小营村 208号南侧,上庄镇,未开放
254,上庄梅所屯大庙,文物普查登记项目,古建筑,上庄镇,上庄镇,上庄镇梅所屯,上庄镇,未开放
255,温泉镇温泉井,文物普查登记项目,古建筑,区教委,海淀区寄读学校,温泉镇温泉村海淀寄读学校院内,温泉镇,未开放
256,孙公禹行纪念碑,文物普查登记项目,近现代重要史迹及代表性建筑,北京老年医院,北京老年医院,温泉镇北京老年医院内,温泉镇,自然开放
257,白家疃石桥,文物普查登记项目,古遗址,温泉镇,温泉镇,温泉镇白家疃村,温泉镇,自然开放
258,白家疃武圣神祠,文物普查登记项目,古建筑,温泉镇,温泉镇,温泉镇白家疃村,温泉镇,未开放
259,辛庄关帝庙,文物普查登记项目,古建筑,温泉镇,温泉镇,温泉镇辛庄村,温泉镇,未开放
260,高里掌三义庙,文物普查登记项目,古建筑,温泉镇,温泉镇,温泉镇高里掌村,温泉镇,未开放
261,高里掌文革期间建筑,文物普查登记项目,近现代重要史迹及代表性建筑,温泉镇,温泉镇,温泉镇高里掌村,温泉镇,未开放
262,唐家岭小学观音庙,文物普查登记项目,古建筑,西北旺镇,西北旺镇,西北旺镇唐家岭,西北旺镇,自然开放
263,南羊坊南庙,文物普查登记项目,古建筑,西北旺镇,西北旺镇,西北旺镇冷泉村,西北旺镇,未开放
264,田家家庙,文物普查登记项目,古建筑,西北旺镇,西北旺镇,马连洼街道药用植物研究所北侧,西北旺镇,未开放
265,大觉寺北和尚塔群,文物普查登记项目,古建筑,苏家坨镇,苏家坨镇,苏家坨镇大觉寺北,苏家坨镇,自然开放
266,大觉寺西北圣旨碑,文物普查登记项目,石窟寺及石刻,苏家坨镇,苏家坨镇,苏家坨镇大觉寺西北,苏家坨镇,自然开放
267,胜果寺遗址,文物普查登记项目,古遗址,苏家坨镇,苏家坨镇,苏家坨镇大觉寺西北阳台山山腰处,苏家坨镇,自然开放
268,阳台山普照庵摩崖石刻,文物普查登记项目,石窟寺及石刻,苏家坨镇,苏家坨镇,苏家坨镇阳台山胜国寺遗址东侧,苏家坨镇,自然开放
269,寨尔峪妙峰山古香道茶棚遗址,文物普查登记项目,古遗址,北京林业大学实验林场,北京林业大学实验林场,苏家坨镇寨尔峪妙峰山古香道中道,苏家坨镇,景区、博物馆、酒店对外开放
270,大工村北花园排水涵洞,文物普查登记项目,古遗址,苏家坨镇,苏家坨镇,苏家坨镇大工村,苏家坨镇,未开放
271,圣琼佩斯故居,文物普查登记项目,近现代重要史迹及代表性建筑,海房投,海房投,苏家坨镇管家岭村,苏家坨镇,未开放
272,大工村羽化题名碑,文物普查登记项目,近现代重要史迹及代表性建筑,苏家坨镇,苏家坨镇,苏家坨镇大工村,苏家坨镇,未开放
273,北安河烈士纪念堂,文物普查登记项目,近现代重要史迹及代表性建筑,苏家坨镇,苏家坨镇,苏家坨镇北安河村,苏家坨镇,未开放
274,赖都墓碑,文物普查登记项目,石窟寺及石刻,苏家坨镇,苏家坨镇,苏家坨镇周家巷狂飙乐园内,苏家坨镇,未开放
275,大觉寺北敕建西竺寺重修记碑,文物普查登记项目,石窟寺及石刻,苏家坨镇,苏家坨镇,苏家坨镇大觉寺北,苏家坨镇,未开放
276,大觉寺北圣旨碑,文物普查登记项目,石窟寺及石刻,海淀区文物保护中心（博物馆）,海淀区文物保护中心（博物馆）,苏家坨镇大觉寺北,苏家坨镇,未开放
277,苏一二村石碑,文物普查登记项目,石窟寺及石刻,稻香湖景酒店,稻香湖景酒店,苏家坨镇苏一、二村,苏家坨镇,自然开放
278,后沙涧西庙,文物普查登记项目,古建筑,苏家坨镇,苏家坨镇,苏家坨镇后沙涧村,苏家坨镇,未开放
279,南安河关帝庙,文物普查登记项目,古建筑,苏家坨镇,苏家坨镇,苏家坨镇南安河村,苏家坨镇,未开放
280,周家巷关帝庙,文物普查登记项目,古建筑,苏家坨镇,苏家坨镇,苏家坨镇周家巷村,苏家坨镇,未开放
281,北安河界碑,文物普查登记项目,石窟寺及石刻,苏家坨镇,苏家坨镇,苏家坨镇北安河村,苏家坨镇,未开放
282,北安河北庙,文物普查登记项目,古建筑,苏家坨镇,苏家坨镇,苏家坨镇北安河村,苏家坨镇,未开放
283,妙高峰道界碑,文物普查登记项目,石窟寺及石刻,苏家坨镇,苏家坨镇,苏家坨镇西埠头南街 1号,苏家坨镇,自然开放
284,管家岭古寺庙遗址,文物普查登记项目,古遗址,苏家坨镇,苏家坨镇,苏家坨镇管家岭村,苏家坨镇,未开放
285,金山塔坟,文物普查登记项目,古墓葬,苏家坨镇,苏家坨镇,苏家坨镇北安河村,苏家坨镇,景区、博物馆、酒店对外开放
286,周家坟石马,文物普查登记项目,石窟寺及石刻,苏家坨镇,苏家坨镇,苏家坨镇柳林村,苏家坨镇,自然开放
287,梁家园观音寺碑,文物普查登记项目,石窟寺及石刻,苏家坨镇,苏家坨镇,苏家坨镇梁家园村,苏家坨镇,未开放
288,梁家园观音寺,文物普查登记项目,古建筑,苏家坨镇,苏家坨镇,苏家坨镇梁家园村,苏家坨镇,未开放
289,凤凰岭上方寺香道蓄水池,文物普查登记项目,石窟寺及石刻,凤凰岭公园,凤凰岭公园,苏家坨镇凤凰岭公园内,苏家坨镇,景区、博物馆、酒店对外开放
290,凤凰岭密宗塔,文物普查登记项目,古建筑,凤凰岭公园,凤凰岭公园,苏家坨镇凤凰岭公园内,苏家坨镇,景区、博物馆、酒店对外开放
291,凤凰岭佛龛,文物普查登记项目,石窟寺及石刻,凤凰岭公园,凤凰岭公园,苏家坨镇凤凰岭公园内,苏家坨镇,景区、博物馆、酒店对外开放
292,凤凰岭砖塔,文物普查登记项目,古建筑,凤凰岭公园,凤凰岭公园,苏家坨镇凤凰岭公园内,苏家坨镇,景区、博物馆、酒店对外开放
293,凤凰岭摩崖石塔,文物普查登记项目,石窟寺及石刻,凤凰岭公园,凤凰岭公园,苏家坨镇凤凰岭公园内,苏家坨镇,景区、博物馆、酒店对外开放
294,朝阳洞,文物普查登记项目,古遗址,凤凰岭公园,凤凰岭公园,苏家坨镇凤凰岭公园内,苏家坨镇,景区、博物馆、酒店对外开放
295,吕祖洞,文物普查登记项目,石窟寺及石刻,苏家坨镇,苏家坨镇,苏家坨镇车耳营村,苏家坨镇,景区、博物馆、酒店对外开放
296,三清洞,文物普查登记项目,石窟寺及石刻,苏家坨镇,苏家坨镇,苏家坨镇车耳营村,苏家坨镇,景区、博物馆、酒店对外开放
297,凤凰岭三佛洞,文物普查登记项目,古遗址,凤凰岭公园,凤凰岭公园,苏家坨镇凤凰岭公园内,苏家坨镇,景区、博物馆、酒店对外开放
298,凤凰岭玄元洞,文物普查登记项目,古遗址,凤凰岭公园,凤凰岭公园,苏家坨镇凤凰岭公园内,苏家坨镇,景区、博物馆、酒店对外开放
299,凤凰岭修仙椅,文物普查登记项目,石窟寺及石刻,凤凰岭公园,凤凰岭公园,苏家坨镇凤凰岭公园内,苏家坨镇,景区、博物馆、酒店对外开放
300,福胜寺遗址,文物普查登记项目,古遗址,苏家坨镇,苏家坨镇,苏家坨镇台头村,苏家坨镇,未开放
301,朝阳观音洞,文物普查登记项目,古建筑,北京林业大学实验林场,北京林业大学实验林场,苏家坨镇鹫峰国家森林公园内,苏家坨镇,景区、博物馆、酒店对外开放
302,秀峰寺和尚塔,文物普查登记项目,古建筑,北京林业大学实验林场,北京林业大学实验林场,苏家坨镇鹫峰公园日中友谊林内,苏家坨镇,景区、博物馆、酒店对外开放
303,北安河五街 177 号院老民居（王宅),文物普查登记项目,古建筑,苏家坨镇,苏家坨镇,苏家坨镇北安河村,苏家坨镇,未开放
304,北安河四街 145 号院老民居（杨宅）,文物普查登记项目,古建筑,苏家坨镇,苏家坨镇,苏家坨镇北安河村,苏家坨镇,未开放
305,北安河五街 205 号院老民居（张宅）,文物普查登记项目,古建筑,苏家坨镇,苏家坨镇,苏家坨镇北安河村,苏家坨镇,未开放
306,北安河四街 6 号院老民居（孙宅）,文物普查登记项目,古建筑,苏家坨镇,苏家坨镇,苏家坨镇北安河村,苏家坨镇,未开放
307,周家巷水井,文物普查登记项目,古建筑,苏家坨镇,苏家坨镇,苏家坨镇周家巷村,苏家坨镇,自然开放
308,大工 “园寝重地，禁止樵採”碑,文物普查登记项目,近现代重要史迹及代表性建筑,海淀区文物保护中心（博物馆）,海淀区文物保护中心（博物馆）,苏家坨镇大工村,苏家坨镇,未开放
309,大觉寺南阳台山石刻,文物普查登记项目,石窟寺及石刻,苏家坨镇,苏家坨镇,苏家坨镇徐各庄村,苏家坨镇,自然开放
310,大工西峰寺摩崖石刻及遗址,文物普查登记项目,石窟寺及石刻,苏家坨镇,苏家坨镇,苏家坨镇大工村,苏家坨镇,自然开放
311,周家巷大西院四合院（张宅）,文物普查登记项目,古建筑,苏家坨镇,苏家坨镇,苏家坨镇周家巷村,苏家坨镇,未开放
312,南安河北水井,文物普查登记项目,古建筑,苏家坨镇,苏家坨镇,苏家坨镇南安河村,苏家坨镇,自然开放
313,徐各庄西观庵（观音庵）,文物普查登记项目,古建筑,苏家坨镇,苏家坨镇,苏家坨镇徐各庄村,苏家坨镇,未开放
314,南安河 253 号院(张家大院),文物普查登记项目,古建筑,苏家坨镇,苏家坨镇,苏家坨镇南安河村 253 号,苏家坨镇,未开放
315,北安河四眼井（东四眼井、南四眼井、西四眼井、北四眼井）,文物普查登记项目,古建筑,苏家坨镇,苏家坨镇,苏家坨镇北安河村,苏家坨镇,自然开放
316,紫竹院双林寺塔遗址,文物普查登记项目,古遗址,紫竹院公园,紫竹院公园,中关村南大街 35 号,紫竹院街道,景区、博物馆、酒店对外开放
317,清河车站,文物普查登记项目,近现代重要史迹及代表性建筑,中国铁路北京局集团有限公司,中国铁路北京局集团有限公司,安宁庄西路,清河街道,未开放
318,大工村元代摩崖石刻,文物普查登记项目,石窟寺及石刻,苏家坨镇,苏家坨镇,苏家坨镇大工村西北,苏家坨镇,自然开放
319,“凤窝”摩崖石刻,文物普查登记项目,石窟寺及石刻,苏家坨镇,苏家坨镇,苏家坨镇寨口村南侧,苏家坨镇,自然开放
320,莲花寺南和尚塔群,文物普查登记项目,古建筑,苏家坨镇,苏家坨镇,苏家坨镇莲花寺东南,苏家坨镇,自然开放
321,大工村古桥,文物普查登记项目,古建筑,北京绿海能环保有限责任公司,北京绿海能环保有限责任公司,苏家坨镇大工村北沟,苏家坨镇,未开放
322,尚膳监太监张公墓,文物普查登记项目,古墓葬,凤凰岭公园,凤凰岭公园,苏家坨镇车耳营村西北,苏家坨镇,景区、博物馆、酒店对外开放
323,万安山法华寺遗址,文物普查登记项目,古遗址,北京市西山林场,北京市西山林场,香山街道金山陵园北,香山街道,自然开放
324,中国铁道科学研究院科研专用铁路,文物普查登记项目,近现代重要史迹及代表性建筑,中国铁道科学研究院集团有限公司,中国铁道科学研究院集团有限公司,北下关街道大柳树路 2号至学院南路四道口路口,北下关街道,未开放
325,大护国保安寺遗址,文物普查登记项目,古遗址,苏家坨镇,苏家坨镇,苏家坨镇管家岭村,苏家坨镇,自然开放
326,管家岭大墙圈,文物普查登记项目,古建筑,苏家坨镇,苏家坨镇,苏家坨镇管家岭村,苏家坨镇,自然开放
327,青龙桥后营 3号院古建筑,文物普查登记项目,古建筑,海淀镇,海淀镇,海淀镇青龙桥后营村 3号,海淀镇,未开放
328,海军机关大院近代建筑,文物普查登记项目,近现代重要史迹及代表性建筑,海后直属保障大队服务保障中心,海后直属保障大队服务保障中心,海淀区西三环中路 19号海军机关大院东区25号楼,羊坊店街道,未开放
