区,幼儿园名称,办园性质,举办者,幼儿园地址,source_row,geocode_query,lon_wgs84,lat_wgs84,geocode_status
海淀区,中国人民解放军国防大学幼儿园（复兴园）,部队,部队,北京市海淀区万寿路28号院,1,北京市海淀区万寿路28号院,116.2921,39.898406,ok
海淀区,住房和城乡建设部幼儿园,其他部门,省级其他部门,北京市海淀区甘家口街道三里河路9号,2,北京市海淀区甘家口街道三里河路9号,116.324621,39.929701,ok
海淀区,核工业第二研究设计院幼儿园,事业单位,事业单位,北京市海淀区马神庙1号,3,北京市海淀区马神庙1号,116.302321,39.924813,ok
海淀区,北京明天幼稚集团,教育部门,地级教育部门,北京市海淀区迎春园甲7号,4,北京市海淀区迎春园甲7号,116.354225,39.977537,ok
海淀区,北京明天幼稚集团一幼塔院园,教育部门,地级教育部门,北京市海淀区塔院小区迎春园甲7号,5,北京市海淀区塔院小区迎春园甲7号,116.354225,39.977537,ok
海淀区,北京明天幼稚集团二幼双榆树园,教育部门,地级教育部门,北京市海淀区双榆树东里36号,6,北京市海淀区双榆树东里36号,116.320673,39.967539,ok
海淀区,北京明天幼稚集团二幼南区园,教育部门,地级教育部门,北京市海淀区双榆树南里1号,7,北京市海淀区双榆树南里1号,116.323455,39.964146,ok
海淀区,北京明天幼稚集团三幼志强园,教育部门,地级教育部门,海淀区文慧路志强北园小区 ,8,北京市海淀区文慧路志强北园小区,116.291624,39.958634,ok
海淀区,北京明天幼稚集团三幼学院路园,教育部门,地级教育部门,北京市海淀区蓟门里小区明天三幼学院路园,9,北京市海淀区蓟门里小区明天三幼学院路园,116.34712,39.990709,ok
海淀区,北京明天幼稚集团四幼知春里园,教育部门,地级教育部门,北京市海淀区双榆树北路63号,10,北京市海淀区双榆树北路63号,116.314558,39.973076,ok
海淀区,北京明天幼稚集团五幼万泉河园,教育部门,地级教育部门,海淀区稻香园北社区五幼万泉河园,11,北京市海淀区稻香园北社区五幼万泉河园,116.302364,39.974248,ok
海淀区,北京明天幼稚集团五幼东升园,教育部门,地级教育部门,北京市海淀区五道口东升园公寓5号楼,12,北京市海淀区五道口东升园公寓5号楼,116.32999,39.98876,ok
海淀区,北京明天幼稚集团六幼金沟河园,教育部门,地级教育部门,海淀区金沟河路3号院,13,北京市海淀区金沟河路3号院,116.263683,39.917673,ok
海淀区,北京明天幼稚集团六幼小灵通园,教育部门,地级教育部门,北京市海淀区采石路玉海园五里21号楼,14,北京市海淀区采石路玉海园五里21号楼,116.252086,39.920679,ok
海淀区,北京明天幼稚集团七幼定西园,教育部门,地级教育部门,北京市海淀区定慧西里19号楼,15,北京市海淀区定慧西里19号楼,116.275559,39.921231,ok
海淀区,北京明天幼稚集团七幼百合花园,教育部门,地级教育部门,北京市海淀区车道沟南里小区,16,北京市海淀区车道沟南里小区,116.292741,39.939517,ok
海淀区,北京明天幼稚集团七幼沙沟园,教育部门,地级教育部门,北京市海淀区万寿路一号院,17,北京市海淀区万寿路一号院,116.279294,39.917399,ok
海淀区,北京明天幼稚集团八幼上地园,教育部门,地级教育部门,北京市海淀区上地东里小区一区,18,北京市海淀区上地东里小区一区,116.306032,40.032207,ok
海淀区,北京明天幼稚集团八幼佳园园,教育部门,地级教育部门,北京市海淀区上地佳园22号楼,19,北京市海淀区上地佳园22号楼,116.310804,40.032252,ok
海淀区,北京明天幼稚集团九幼永泰园,教育部门,地级教育部门,北京市市辖区海淀区西三旗街道永泰东里社区,20,北京市市辖区海淀区西三旗街道永泰东里社区,116.361433,40.030835,ok
海淀区,北京明天幼稚集团九幼安宁里园,教育部门,地级教育部门,北京市海淀区安宁里小区9号,21,北京市海淀区安宁里小区9号,116.325819,40.042899,ok
海淀区,北京明天幼稚集团九幼锦顺园,教育部门,地级教育部门,北京市海淀区安宁庄路西三条九号,22,北京市海淀区安宁庄路西三条九号,116.312968,40.037639,ok
海淀区,北京明天幼稚集团十幼铁路园,教育部门,地级教育部门,北京市海淀区双贝子坟路3号,23,北京市海淀区双贝子坟路3号,116.325839,39.89998,ok
海淀区,9511联合社区幼儿园,部队,部队,海淀区西三旗建材城西路85号院,24,北京市海淀区西三旗建材城西路85号院,116.326327,40.057265,ok
海淀区,北京林业大学幼儿园,事业单位,事业单位,海淀区清华东路35号,25,北京市海淀区清华东路35号,116.339121,40.001829,ok
海淀区,北京市海淀区中关村街道第一幼儿园,集体,集体,北京市海淀区中关村北一街甲十三楼,26,北京市海淀区中关村北一街甲十三楼,116.317001,39.984861,ok
海淀区,北京市海淀区本真幼儿园,民办,民办,北京市海淀区学院路二里庄小区内,27,北京市海淀区学院路二里庄小区内,116.361673,39.993973,ok
海淀区,北京邮电大学幼儿园,事业单位,事业单位,北京市海淀区西土城路10号,28,北京市海淀区西土城路10号,116.351734,39.960729,ok
海淀区,北京市海淀区现代睿智融合幼儿园,民办,民办,北京市海淀区知春路罗庄西里7号楼现代艺术幼儿园,29,北京市海淀区知春路罗庄西里7号楼现代艺术幼儿园,116.338445,39.972175,ok
海淀区,中国人民解放军空军装备研究院蓝天幼儿园,部队,部队,北京市海淀区安宁庄路11号院,30,北京市海淀区安宁庄路11号院,116.315441,40.053733,ok
海淀区,北京市海淀外国语实验学校附属幼儿园,民办,民办,北京市海淀区杏石口路20号,31,北京市海淀区杏石口路20号,116.250364,39.944996,ok
海淀区,中国航发北京航空材料研究院幼儿园,地方企业,省级其他部门,北京市海淀区温泉镇环山村,32,北京市海淀区温泉镇环山村,116.20087,40.038572,ok
海淀区,北京育新实验幼儿园,事业单位,事业单位,北京市海淀区西三旗育新花园22号,33,北京市海淀区西三旗育新花园22号,116.338642,40.056984,ok
海淀区,北京市海淀区北太平庄街道蓟门里幼儿园,集体,集体,北京市海淀区学院路蓟门里小区甲一号,34,北京市海淀区学院路蓟门里小区甲一号,116.344611,39.96834,ok
海淀区,中央军委机关事务管理总局红星幼儿园（万寿路园）,部队,部队,北京市海淀区复兴路24号院,35,北京市海淀区复兴路24号院,116.278554,39.901907,ok
海淀区,中国科学院第七幼儿园,事业单位,事业单位,天秀花园古月园10号楼,36,北京市天秀花园古月园10号楼,116.266184,40.021375,ok
海淀区,北京市海淀区英才美丽园幼儿园,民办,民办,北京市海淀区五棵松路20号,37,北京市海淀区五棵松路20号,116.270469,39.919698,ok
海淀区,航天机关幼儿园,事业单位,事业单位,海淀区阜成路8号院,38,北京市海淀区阜成路8号院,116.325546,39.923261,ok
海淀区,中国农业大学东校区幼儿园,事业单位,事业单位,海淀区清华东路17号,39,北京市海淀区清华东路17号,116.350795,40.00322,ok
海淀区,北京岭南幼儿园,民办,民办,北京市海淀区定慧东里34号楼,40,北京市海淀区定慧东里34号楼,116.27851,39.919871,ok
海淀区,中国农业大学西校区幼儿园,事业单位,事业单位,圆明园西路3号院,41,北京市圆明园西路3号院,116.272996,40.021937,ok
海淀区,中国人民解放军63919部队幼儿园,部队,部队,北京市海淀区圆明园西路一号院,42,北京市海淀区圆明园西路一号院,116.305759,40.038091,ok
海淀区,北京市海淀区海淀镇中心幼儿园,集体,集体,北京市海淀区厢黄旗东路柳浪家园南里49号楼,43,北京市海淀区厢黄旗东路柳浪家园南里49号楼,116.291573,40.028765,ok
海淀区,北京语言大学幼儿园,事业单位,事业单位,北京市海淀区学院路15号,44,北京市海淀区学院路15号,116.350306,39.997814,ok
海淀区,北京市海淀区四季青镇巨山幼儿园,集体,集体,北京市海淀区田村北路101号巨山幼儿园,45,北京市海淀区田村北路101号巨山幼儿园,116.221168,39.94189,ok
海淀区,北京市海淀区长河湾汇佳幼儿园,民办,民办,北京市海淀区高粱桥斜街59号长河湾小区,46,北京市海淀区高粱桥斜街59号长河湾小区,116.343194,39.942525,ok
海淀区,中央军委机关事务管理总局红星幼儿园（太平路园）,部队,部队,北京市海淀区太平路31号,47,北京市海淀区太平路31号,116.254635,39.900388,ok
海淀区,北京交通大学幼儿园,事业单位,事业单位,北京市海淀区高粱桥斜街44号,48,北京市海淀区高粱桥斜街44号,116.340614,39.946403,ok
海淀区,中国人民武装警察部队总部机关幼儿园,部队,部队,北京市海淀区万泉庄16号楼,49,北京市海淀区万泉庄16号楼,116.296522,39.967879,ok
海淀区,北京市海淀区世纪新汇佳幼儿园,民办,民办,北京市海淀区蓝靛厂西路三号,50,北京市海淀区蓝靛厂西路三号,116.273295,39.96365,ok
海淀区,中共中央办公厅警卫局万寿路幼儿园,部队,部队,海淀区万寿路甲5号2号院,51,北京市海淀区万寿路甲5号2号院,116.282162,39.914269,ok
海淀区,中国人民解放军国防大学幼儿园（玉泉园）,部队,部队,北京市海淀区复兴路83号院幼儿园,52,北京市海淀区复兴路83号院幼儿园,116.249062,39.908491,ok
海淀区,北京市海淀区中科幼教中关村实验幼儿园,民办,民办,北京市海淀区中国科学院东南小区西区甲932幢,53,北京市海淀区中国科学院东南小区西区甲932幢,116.319937,39.979205,ok
海淀区,北京市六一幼儿院,教育部门,地级教育部门,北京市海淀区青龙桥六间房1号,54,北京市海淀区青龙桥六间房1号,116.258026,39.998721,ok
海淀区,北京市六一幼儿院西山庭院院区,教育部门,地级教育部门,海淀区肖家河西山庭院小区,55,北京市海淀区肖家河西山庭院小区,116.268551,40.016672,ok
海淀区,北京市六一幼儿院西三旗院区,教育部门,地级教育部门,北京市海淀区西三旗建材城翡丽铂庭三区,56,北京市海淀区西三旗建材城翡丽铂庭三区,116.371202,40.064047,ok
海淀区,北京市海淀区英才幼儿园,民办,民办,海淀区北四环中路志新村小区12号,57,北京市海淀区北四环中路志新村小区12号,116.360244,39.989824,ok
海淀区,中国科学院第一幼儿园,其他部门,省级其他部门,北京市海淀区中关村科源小区24楼旁,58,北京市海淀区中关村科源小区24楼旁,116.3117,39.985995,ok
海淀区,中国科学院第一幼儿园北斗分园,其他部门,省级其他部门,北京市海淀区北清路22号院,59,北京市海淀区北清路22号院,116.266175,40.081494,ok
海淀区,北京市海淀区北太平庄街道威凯幼儿园,集体,集体,北京市海淀区北太平庄红联南村3号,60,北京市海淀区北太平庄红联南村3号,116.354633,39.947434,ok
海淀区,中央军委机关事务管理总局红星幼儿园（花园路园）,部队,部队,海淀区北三环中路69号,61,北京市海淀区北三环中路69号,116.355989,39.967048,ok
海淀区,北京市海淀区四季青镇北坞幼儿园,集体,集体,北京市海淀区四季青镇北坞嘉园南里37号楼,62,北京市海淀区四季青镇北坞嘉园南里37号楼,116.244757,39.976252,ok
海淀区,北京市海淀区恩济里幼儿园,教育部门,事业单位,北京海淀区恩济里小区10号恩济里幼儿园,63,北京市北京海淀区恩济里小区10号恩济里幼儿园,116.279515,39.930084,ok
海淀区,北京市海淀区恩济里幼儿园八宝庄分园,教育部门,地级教育部门,北京海淀区恩济里小区10号恩济里幼儿园,64,北京市北京海淀区恩济里小区10号恩济里幼儿园,116.279515,39.930084,ok
海淀区,北京市海淀区红缨幼儿园,民办,民办,北京市海淀区马连洼街道百旺家园西区39号,65,北京市海淀区马连洼街道百旺家园西区39号,116.276165,40.026441,ok
海淀区,北京市海淀区万泉汇佳幼儿园,民办,民办,北京市海淀区巴沟南路35号,66,北京市海淀区巴沟南路35号,116.292827,39.969079,ok
海淀区,中国科学院第三幼儿园,事业单位,事业单位,北京市海淀区中关村南一街二号,67,北京市海淀区中关村南一街二号,116.314182,39.98224,ok
海淀区,中国科学院第三幼儿园杏林湾分园,其他部门,事业单位,北京市海淀区北清路永丰嘉园三区32号,68,北京市海淀区北清路永丰嘉园三区32号,116.248299,40.079746,ok
海淀区,中国科学院第三幼儿园北一街分园,事业单位,事业单位,北京市海淀区中关村北一街4号,69,北京市海淀区中关村北一街4号,116.315294,39.987299,ok
海淀区,中国科学院第三幼儿园翠湖分园,其他部门,事业单位,北京市海淀区紫郡兰园西门向北200米,70,北京市海淀区紫郡兰园西门向北200米,116.202815,40.04346,ok
海淀区,中国科学院第三幼儿园上郡分园,事业单位,事业单位,北京市海淀区上庄镇沙阳路海淀上郡小区内幼儿园,71,北京市海淀区上庄镇沙阳路海淀上郡小区内幼儿园,116.237521,40.122347,ok
海淀区,中国科学院第三幼儿园西北旺分园,事业单位,事业单位,北京市海淀区大牛坊三巷与大牛坊一环路交接处,72,北京市海淀区大牛坊三巷与大牛坊一环路交接处,116.226768,40.086547,ok
海淀区,中国科学院第三幼儿园科学城北区分园,其他部门,中国科学院,,73,北京市,116.401145,39.902776,ok
海淀区,中国科学院第三幼儿园小月河分园,事业单位,事业单位,北京市海淀区石板房南路双泉嘉苑,74,北京市海淀区石板房南路双泉嘉苑,116.352336,40.009147,ok
海淀区,中国科学院第三幼儿园北安河分园,事业单位,事业单位,北京市海淀区安河家园五里北侧,75,北京市海淀区安河家园五里北侧,116.120716,40.069553,ok
海淀区,中国科学院第三幼儿园上庄分园,事业单位,事业单位,北京市海淀区馨悦家园东区西南角（临街）,76,北京市海淀区馨悦家园东区西南角（临街）,116.209338,40.127095,ok
海淀区,中国科学院第三幼儿园前沙涧分园,事业单位,事业单位,北京市海淀区苏家坨镇前沙涧S1-1地块,77,北京市海淀区苏家坨镇前沙涧S1-1地块,116.147655,40.104005,ok
海淀区,中国科学院第三幼儿园东升分园,事业单位,事业单位,北京市海淀区东升科技园北街18号文晟家园7号楼,78,北京市海淀区东升科技园北街18号文晟家园7号楼,116.344742,40.048513,ok
海淀区,中国科学院幼儿园,事业单位,事业单位,海淀区中关村北二街4号水清木华园7号楼,79,北京市海淀区中关村北二街4号水清木华园7号楼,116.324826,39.989516,ok
海淀区,中央军委机关事务管理总局红星幼儿园（玉泉路园）,部队,部队,海淀区玉泉路68号院,80,北京市海淀区玉泉路68号院,116.250062,39.896909,ok
海淀区,北京师范大学实验幼儿园,事业单位,事业单位,海淀区新街口外大街19号,81,北京市海淀区新街口外大街19号,116.360081,39.960195,ok
海淀区,北京师范大学实验幼儿园龙樾分园,事业单位,事业单位,海淀区清河小营文龙家园三里8号楼,82,北京市海淀区清河小营文龙家园三里8号楼,116.344555,40.042956,ok
海淀区,北京师范大学实验幼儿园明光分部,事业单位,事业单位,海淀区北太平庄街道明光村小区,83,北京市海淀区北太平庄街道明光村小区,116.34736,39.95418,ok
海淀区,中国音乐学院附属幼儿园,事业单位,事业单位,北京市海淀区八里庄北里15号,84,北京市海淀区八里庄北里15号,116.287139,39.927953,ok
海淀区,中国音乐学院附属幼儿园健翔园,事业单位,事业单位,北京市海淀区北四环中路209健翔园小区H座,85,北京市海淀区北四环中路209健翔园小区H座,116.368487,39.988638,ok
海淀区,北京有色金属研究总院幼儿园,地方企业,省级其他部门,新街口外大街3号院,86,北京市新街口外大街3号院,116.363102,39.964743,ok
海淀区,北京有色金属研究总院幼儿园分园,地方企业,省级其他部门,北三环中路43号院18号楼,87,北京市北三环中路43号院18号楼,116.364552,39.969989,ok
海淀区,北京市二十一世纪实验幼儿园,民办,民办,北京市海淀区 恩济庄46号,88,北京市海淀区 恩济庄46号,116.278564,39.929262,ok
海淀区,北京市海淀区人民政府机关幼儿园,其他部门,地级其他部门,北京市海淀区知春东里14号楼,89,北京市海淀区知春东里14号楼,116.319292,39.973292,ok
海淀区,中国气象局幼儿园,事业单位,事业单位,海淀区中关村南大街46号,90,北京市海淀区中关村南大街46号,116.32219,39.946303,ok
海淀区,新华社机关事务管理局保育院,事业单位,事业单位,北京市海淀区羊坊店路3号院,91,北京市海淀区羊坊店路3号院,116.314722,39.90393,ok
海淀区,北京市海淀区四季青香山幼儿园,集体,集体,北京市海淀区香山普安店240号,92,北京市海淀区香山普安店240号,116.209778,39.981446,ok
海淀区,北京市海淀区世纪阳光幼儿园,民办,民办,海淀区板井路73号,93,北京市海淀区板井路73号,116.27242,39.954074,ok
海淀区,中国人民解放军63921部队幼儿园,部队,部队,北京市海淀区北清路26号院内,94,北京市海淀区北清路26号院内,116.25892,40.075252,ok
海淀区,中国人民解放军火箭军机关幼儿园,部队,部队,海淀清河小营西路30号院,95,北京市海淀清河小营西路30号院,116.327096,40.034297,ok
海淀区,中央军委机关事务管理总局红星幼儿园（复兴路园）,部队,部队,北京市海淀区复兴路20号,96,北京市海淀区复兴路20号,116.295822,39.904455,ok
海淀区,中国林业科学研究院幼儿园,事业单位,事业单位,北京市海淀区东小府2号东院,97,北京市海淀区东小府2号东院,116.220277,39.957124,ok
海淀区,中国人民解放军军事科学院幼儿园（阜成园）,部队,部队,北京海淀区阜成路26号,98,北京市北京海淀区阜成路26号,116.300573,39.922331,ok
海淀区,北京市清华洁华幼儿园,事业单位,事业单位,北京市海淀区清华大学校内洁华幼儿园,99,北京市海淀区清华大学校内洁华幼儿园,116.320793,40.0019,ok
海淀区,北京市清华洁华幼儿园双清苑分园,事业单位,事业单位,北京市 海淀区双清路双清苑小区,100,北京市 海淀区双清路双清苑小区,116.336015,40.013477,ok
海淀区,中国人民解放军国防大学幼儿园（红山园）,部队,部队,红山口甲3号国防大学,101,北京市红山口甲3号国防大学,116.257758,40.013622,ok
海淀区,中国人民解放军95968部队幼儿园,部队,部队,北京市海淀区昆明湖南路甲7号院,102,北京市海淀区昆明湖南路甲7号院,116.26774,39.96527,ok
海淀区,中国人民解放军军事科学院幼儿园（复兴园）,部队,部队,北京市海淀区太平路27号院,103,北京市海淀区太平路27号院,116.260586,39.899852,ok
海淀区,中央军委机关事务管理总局红星幼儿园（五棵松园）,部队,部队,北京市海淀区复兴路26号院,104,北京市海淀区复兴路26号院,116.273898,39.901911,ok
海淀区,空军指挥学院蓝天幼儿园,部队,部队,北京市海淀区北四环西路88号,105,北京市海淀区北四环西路88号,116.306665,39.983707,ok
海淀区,中国人民解放军61886部队幼儿园,部队,部队,北京市海淀区信息路33号,106,北京市海淀区信息路33号,116.307317,40.023769,ok
海淀区,北京航空航天大学幼儿园,事业单位,事业单位,北京市海淀区学院路37号,107,北京市海淀区学院路37号,116.344749,39.979269,ok
海淀区,首都师范大学附属幼儿园,事业单位,事业单位,海淀区西三环北路105号,108,北京市海淀区西三环北路105号,116.303102,39.927386,ok
海淀区,首都师范大学附属幼儿园八宝庄分园,事业单位,事业单位,北京市海淀区八宝庄33号,109,北京市海淀区八宝庄33号,116.286134,39.920723,ok
海淀区,北京大学医学部幼儿园,事业单位,事业单位,北京市海淀区学院路38号,110,北京市海淀区学院路38号,116.351698,39.983387,ok
海淀区,北京市海淀区幼辰幼儿园,民办,民办,海淀区清河小营阳光北里1号楼,111,北京市海淀区清河小营阳光北里1号楼,116.33021,40.036819,ok
海淀区,北京市海淀区布朗幼儿园,民办,民办,北京市海淀区魏公街1号韦伯豪家园10号楼,112,北京市海淀区魏公街1号韦伯豪家园10号楼,116.312835,39.952712,ok
海淀区,北京市海淀区美华彩苑外国语幼儿园,民办,民办,北京市海淀区北坞村路23号,113,北京市海淀区北坞村路23号,116.24867,39.978596,ok
海淀区,北京市海淀区凯蒂幼儿园,民办,民办,北京市海淀区西二旗西路2号院86号楼,114,北京市海淀区西二旗西路2号院86号楼,116.307015,40.05222,ok
海淀区,北京市海淀区锦绣明天莲宝幼儿园,民办,民办,北京市海淀区吴家村路10号院甲1号楼,115,北京市海淀区吴家村路10号院甲1号楼,116.291237,39.887751,ok
海淀区,北京市海淀区上庄科技园区幼儿园,教育部门,地级教育部门,北京市海淀区三嘉南街41号院,116,北京市海淀区三嘉南街41号院,116.197942,40.125142,ok
海淀区,北京市海淀区立新幼儿园,教育部门,地级教育部门,田村砂石厂路柳明家园西区38号,117,北京市田村砂石厂路柳明家园西区38号,116.231634,39.921827,ok
海淀区,北京市海淀区立新幼儿园环保园分园,教育部门,地级教育部门,温泉镇地锦路阅西山家园9号楼,118,北京市温泉镇地锦路阅西山家园9号楼,116.15984,40.056463,ok
海淀区,北京市海淀区立新幼儿园环保园分园分址,教育部门,地级教育部门,温泉镇地锦路阅西山家园小区2号楼,119,北京市温泉镇地锦路阅西山家园小区2号楼,116.15984,40.056463,ok
海淀区,北京市海淀区立新幼儿园温泉园,教育部门,地级教育部门,北京市海淀区温泉镇杨家庄,120,北京市海淀区温泉镇杨家庄,116.184372,40.041071,ok
海淀区,钢铁研究总院幼儿园,其他部门,省级其他部门,北京市海淀区高粱桥斜街13号院甲27号,121,北京市海淀区高粱桥斜街13号院甲27号,116.32895,39.948663,ok
海淀区,北京馨星幼儿园,集体,集体,四季青镇香山南路实验四小旁,122,北京市四季青镇香山南路实验四小旁,116.201316,39.965019,ok
海淀区,中国农业科学院幼儿园,事业单位,事业单位,中关村南大街12号,123,北京市中关村南大街12号,116.322129,39.958971,ok
海淀区,中国铁道科学研究院集团有限公司幼儿园,事业单位,事业单位,海淀区西直门外大柳树路2号,124,北京市海淀区西直门外大柳树路2号,116.334795,39.955274,ok
海淀区,中国人民解放军海军机关幼儿园,部队,部队,北京市海淀区西三环中路19号,125,北京市海淀区西三环中路19号,116.303631,39.902731,ok
海淀区,北京市海淀区太阳幼儿园,民办,民办,北京市海淀区大钟寺太阳园小区7号楼,126,北京市海淀区大钟寺太阳园小区7号楼,116.333221,39.969095,ok
海淀区,北京市海淀区太阳幼儿园（太月园）,民办,民办,北京市海淀区太阳幼儿园（太月园）,127,北京市海淀区太阳幼儿园（太月园）,116.334445,39.969695,ok
海淀区,北京五色土幼儿园,地方企业,省级其他部门,北京市海淀区三里河路五号院内,128,北京市海淀区三里河路五号院内,116.307986,39.959961,ok
海淀区,兵器工业机关服务中心幼儿园,事业单位,事业单位,北京市海淀区车道沟十号院兵器社区,129,北京市海淀区车道沟十号院兵器社区,116.339244,39.971052,ok
海淀区,中国人民大学幼儿园,事业单位,事业单位,北京市海淀区蓝靛厂中路19号,130,北京市海淀区蓝靛厂中路19号,116.279435,39.963404,ok
海淀区,中国人民大学幼儿园西三旗分园,事业单位,事业单位,北京市海淀区西三旗菁盈路6号院,131,北京市海淀区西三旗菁盈路6号院,116.350484,40.059065,ok
海淀区,中国人民大学幼儿园苏州街分园,事业单位,事业单位,海淀区苏州街三号大河庄苑8号楼,132,北京市海淀区苏州街三号大河庄苑8号楼,116.299275,39.980483,ok
海淀区,中国人民大学幼儿园田村分园,事业单位,事业单位,北京市海淀区田村路43号,133,北京市海淀区田村路43号,116.248036,39.929405,ok
海淀区,中国人民解放军32069部队机关幼儿园,部队,部队,海淀区厢红旗,134,北京市海淀区厢红旗,116.248818,40.002542,ok
海淀区,北京理工大学幼儿园,事业单位,事业单位,海淀区中关村南大街5号院,135,北京市海淀区中关村南大街5号院,116.307986,39.959961,ok
海淀区,北京市银河之星幼儿园,地方企业,省级其他部门,万寿路八宝庄252号,136,北京市万寿路八宝庄252号,116.286134,39.920723,ok
海淀区,北京阳光儿童早期教育实验中心幼儿园,民办,民办,北京市海淀区万寿路街道翠微北里10号,137,北京市海淀区万寿路街道翠微北里10号,116.292416,39.914627,ok
海淀区,北京市海淀区立新幼儿园分园航天之星幼儿园,事业单位,事业单位,北京市海淀区永定路正大南路6号,138,北京市海淀区永定路正大南路6号,116.261597,39.908271,ok
海淀区,北京市城市河湖管理处玉樱幼儿园,其他部门,省级其他部门,海淀区西三环中路10号（玉渊潭公园南门）内,139,北京市海淀区西三环中路10号（玉渊潭公园南门）内,116.315199,39.911781,ok
海淀区,国家机关事务管理局花园村幼儿园,其他部门,省级其他部门,北京市海淀区增光路51号,140,北京市海淀区增光路51号,116.308495,39.926964,ok
海淀区,中国人民解放军总医院第六医学中心幼儿园,部队,部队,阜成路6号,141,北京市阜成路6号,116.316071,39.920996,ok
海淀区,中央民族大学幼儿园,事业单位,事业单位,海淀区法华寺原址,142,北京市海淀区法华寺原址,116.310212,39.949148,ok
海淀区,北京市海淀区紫竹院街道第二幼儿园,集体,集体,北京市海淀区魏公村小区16楼西侧,143,北京市海淀区魏公村小区16楼西侧,116.310172,39.952749,ok
海淀区,中国石油集团科学技术研究院幼儿园,事业单位,事业单位,北京市海淀区学院路20号,144,北京市海淀区学院路20号,116.351575,39.994072,ok
海淀区,北京科技大学幼儿教育中心,事业单位,事业单位,海淀区西三旗宝盛西里26号楼,145,北京市海淀区西三旗宝盛西里26号楼,116.360541,40.03418,ok
海淀区,北京科技大学幼儿教育中心学院路分园,事业单位,事业单位,海淀区学院路30号十区,146,北京市海淀区学院路30号十区,116.349999,39.992332,ok
海淀区,北京市育龙幼儿园,民办,民办,北京市海淀区清华东路东王庄小区七号,147,北京市海淀区清华东路东王庄小区七号,116.341054,39.998588,ok
海淀区,北京市海淀区未来之星幼儿园,民办,民办,海淀区学院路14号新区,148,北京市海淀区学院路14号新区,116.345491,40.002123,ok
海淀区,北京市海淀区学院路街道展春园幼儿园,集体,集体,北京市海淀区展春园小区20号,149,北京市海淀区展春园小区20号,116.335525,39.987492,ok
海淀区,北京市海淀区海淀街道厂洼幼儿园,集体,集体,北京市海淀区厂洼小区5号楼西侧,150,北京市海淀区厂洼小区5号楼西侧,116.298726,39.957833,ok
海淀区,中国人民解放军61046部队幼儿园,部队,部队,北京市海淀区青龙桥街道办事处遗光寺社区居委会,151,北京市海淀区青龙桥街道办事处遗光寺社区居委会,116.247353,40.003238,ok
海淀区,北京大学附属幼儿园,事业单位,事业单位,北京市海淀区北京大学燕东园26号,152,北京市海淀区北京大学燕东园26号,116.311846,39.995551,ok
海淀区,北京大学附属幼儿园（蔚秀分园）,事业单位,事业单位,北京市海淀区北京大学蔚秀园内,153,北京市海淀区北京大学蔚秀园内,116.296297,39.994532,ok
海淀区,北京大学附属幼儿园新馨园（北园）,事业单位,事业单位,海淀区建材城西路16号新馨苑小区内,154,北京市海淀区建材城西路16号新馨苑小区内,116.343833,40.059093,ok
海淀区,中国人民解放军北京军区炮兵幼儿园,部队,部队,北京市海淀区香山南路红旗村4号院,155,北京市海淀区香山南路红旗村4号院,116.200856,39.980262,ok
海淀区,中国人民解放军总装备部后勤部小营幼儿园,部队,部队,北京市海淀区安宁庄东路28号院5号楼,156,北京市海淀区安宁庄东路28号院5号楼,116.329158,40.040638,ok
海淀区,北京市海淀区领秀硅谷凯尔宝宝幼儿园,民办,民办,北京市海淀区西二旗中路领秀硅谷A区6号楼,157,北京市海淀区西二旗中路领秀硅谷A区6号楼,116.310471,40.05538,ok
海淀区,北京市海淀区朝昭幼儿园,民办,民办,北京市海淀区西三旗东路3号沁春家园内,158,北京市海淀区西三旗东路3号沁春家园内,116.3309,40.05518,ok
海淀区,北京市海淀区凯尔宝宝幼儿园,民办,民办,北京市海淀区西三旗花园二里11号楼,159,北京市海淀区西三旗花园二里11号楼,116.330061,40.048862,ok
海淀区,北京市海淀区四季青镇常青幼儿园,集体,集体,北京市海淀区四季青镇东冉村443号,160,北京市海淀区四季青镇东冉村443号,116.267504,39.953276,ok
海淀区,北京市海淀区四季青镇常青幼儿园田村分园,集体,集体,北京市海淀区田村街道馥霞里5号,161,北京市海淀区田村街道馥霞里5号,116.233969,39.929954,ok
海淀区,北京市海淀区四季青镇常青幼儿园蓝靛厂分园,集体,集体,北京市海淀区四季青镇东冉村443号,162,北京市海淀区四季青镇东冉村443号,116.267504,39.953276,ok
海淀区,北京市海淀区世纪汇佳幼儿园,民办,民办,北京市海淀区四季青昆明湖南路62号,163,北京市海淀区四季青昆明湖南路62号,116.272289,39.950128,ok
海淀区,北京市海淀区四季青育红幼儿园,集体,集体,北京市海淀区田村北路162号,164,北京市海淀区田村北路162号,116.233288,39.93324,ok
海淀区,北京市海淀区二十一世纪实验幼儿园,民办,民办,北京市海淀区曙光花园望河园8号楼,165,北京市海淀区曙光花园望河园8号楼,116.286267,39.941422,ok
海淀区,北京市海淀区小星星幼儿园,集体,集体,海淀区马连洼梅园小区一号,166,北京市海淀区马连洼梅园小区一号,116.267458,40.028759,ok
海淀区,北京市海淀区小星星幼儿园菊园分园,集体,集体,北京市海淀区马连洼菊园小区,167,北京市海淀区马连洼菊园小区,116.284876,40.031112,ok
海淀区,北京市海淀区西北旺屯佃村幼儿园,集体,集体,北京市海淀区西北旺镇屯佃村,168,北京市海淀区西北旺镇屯佃村,116.208413,40.063602,ok
海淀区,北京市海淀区翠湖幼儿园,集体,集体,海淀区上庄镇,169,北京市海淀区上庄镇,116.20925,40.095547,ok
海淀区,北京市海淀区苏家坨镇中心幼儿园,集体,集体,北京市海淀区苏家坨镇北安河村,170,北京市海淀区苏家坨镇北安河村,116.108144,40.068693,ok
海淀区,北京市海淀区北部新区实验幼儿园,教育部门,地级教育部门,北京市海淀区温泉镇白家疃西口,171,北京市海淀区温泉镇白家疃西口,116.174537,40.043396,ok
海淀区,北京市海淀区北部新区实验幼儿园凯盛园,教育部门,地级教育部门,北京市海淀区,172,北京市海淀区,116.291624,39.958634,ok
海淀区,北京市海淀区北部新区实验幼儿园天阅园,教育部门,地级教育部门,海淀区西北旺镇丰秀东路9号院15号楼,173,北京市海淀区西北旺镇丰秀东路9号院15号楼,116.240258,40.076371,ok
海淀区,中国人民解放军军乐团幼儿园,部队,部队,海淀区紫竹院路100号院 军乐团幼儿园,174,北京市海淀区紫竹院路100号院 军乐团幼儿园,116.293082,39.943401,ok
海淀区,空军特色医学中心蓝天幼儿园,部队,部队,海淀区昌运宫15号,175,北京市海淀区昌运宫15号,116.300043,39.93938,ok
海淀区,中国人民解放军总医院第四医学中心幼儿园,部队,部队,北京市海淀区阜成路51号院,176,北京市海淀区阜成路51号院,116.299717,39.924268,ok
海淀区,中央军委机关事务管理总局北极寺老干部服务管理局幼儿园,部队,部队,北京市海淀区花园东路8号院,177,北京市海淀区花园东路8号院,116.366966,39.981555,ok
海淀区,北京市海淀区富力桃园幼儿园,教育部门,地级教育部门,北京市海淀区西三旗建材城东里富力桃园幼儿园,178,北京市海淀区西三旗建材城东里富力桃园幼儿园,116.370223,40.061216,ok
海淀区,北京市海淀区富力桃园幼儿园枫丹分园,教育部门,地级教育部门,北京市海淀区西三旗建材城中路枫丹丽舍小区内,179,北京市海淀区西三旗建材城中路枫丹丽舍小区内,116.355843,40.062574,ok
海淀区,北京市海淀区颐慧佳园幼儿园,教育部门,地级教育部门,北京市海淀区颐慧佳园17号,180,北京市海淀区颐慧佳园17号,116.280582,39.934442,ok
海淀区,北京市海淀区美和园幼儿园,教育部门,地级教育部门,北京市海淀区清河小营西路48号,181,北京市海淀区清河小营西路48号,116.317385,40.032827,ok
海淀区,北京市海淀区美和园幼儿园智学苑分园,教育部门,地级教育部门,北京市海淀区智学苑小区美和园幼儿园智学苑分园,182,北京市海淀区智学苑小区美和园幼儿园智学苑分园,116.305457,40.048624,ok
海淀区,北京市海淀区苏家坨镇幼儿园,事业单位,事业单位,北京市海淀区苏家坨镇A地块经济适用住房A3地块,183,北京市海淀区苏家坨镇A地块经济适用住房A3地块,116.091325,40.103232,ok
海淀区,中国人民解放军总医院幼儿园,部队,部队,北京市海淀区复兴路28号,184,北京市海淀区复兴路28号,116.271283,39.905269,ok
海淀区,空军直属机关蓝天幼儿园,部队,部队,北京市海淀区复兴路14号,185,北京市海淀区复兴路14号,116.306513,39.89723,ok
海淀区,中国人民解放军66400部队幼儿园,部队,部队,北京市海淀区阜成路50号,186,北京市海淀区阜成路50号,116.284859,39.921279,ok
海淀区,北京市农林科学院幼儿园,地方企业,地方企业,北京海淀区曙光花园中路9号,187,北京市北京海淀区曙光花园中路9号,116.279714,39.942024,ok
海淀区,北京公交鸿运承幼教中心第三幼儿园,地方企业,地方企业,北京市海淀区小西天电车宿舍内,188,北京市海淀区小西天电车宿舍内,116.356572,39.956977,ok
海淀区,北京市海淀区赫泽幼儿园,民办,民办,花园北路35号院红黄蓝幼儿园,189,北京市花园北路35号院红黄蓝幼儿园,116.359926,39.981121,ok
海淀区,中国人民解放军61672部队幼儿园,部队,部队,海淀区圆明园西路5号,190,北京市海淀区圆明园西路5号,116.272805,40.022847,ok
海淀区,北京市海淀新区恩济幼儿园,教育部门,地级教育部门,海淀区苏家坨镇同泽园西里,191,北京市海淀区苏家坨镇同泽园西里,116.130746,40.103721,ok
海淀区,北京市海淀新区恩济幼儿园分园,教育部门,地级教育部门,北京市海淀区苏家坨镇同泽园东里,192,北京市海淀区苏家坨镇同泽园东里,116.133409,40.103172,ok
海淀区,中央军委机关事务管理总局红星幼儿园（新街口园）,部队,部队,新街口外大街23号院,193,北京市新街口外大街23号院,116.365165,39.955606,ok
海淀区,北京应用物理与计算数学研究所九一幼儿园,事业单位,事业单位,北京市海淀区花园路一号,194,北京市海淀区花园路一号,116.357189,39.978193,ok
海淀区,北京市海淀区智合幼儿园,民办,民办,北京海淀区清河清缘东里3号楼,195,北京市北京海淀区清河清缘东里3号楼,116.352351,40.028352,ok
海淀区,北京市海淀区宜宝幼儿园,民办,民办,北京市海淀区清河永泰园新地标甲17号,196,北京市海淀区清河永泰园新地标甲17号,116.3416,40.032496,ok
海淀区,北京市海淀区唐家岭新城幼儿园,教育部门,地级教育部门,唐家岭新城内T05,197,北京市唐家岭新城内T05,116.270383,40.065242,ok
海淀区,北京市海淀区乐融幼儿园,民办,民办,北京海淀区通汇路18号,198,北京市北京海淀区通汇路18号,116.26401,39.937002,ok
海淀区,北京市海淀区为明西山幼儿园,民办,民办,北京市海淀区西北旺新村德惠路一号院29楼,199,北京市海淀区西北旺新村德惠路一号院29楼,116.305759,40.038091,ok
海淀区,北京市海淀区何嘉仁菁英幼儿园,民办,民办,海淀区 文慧园北路9号 今典花园小区 西北角 独栋楼,200,北京市海淀区 文慧园北路9号 今典花园小区 西北角 独栋楼,116.355149,39.952327,ok
海淀区,北京市海淀区上林溪二十一世纪实验幼儿园,民办,民办,北京市海淀区安宁庄东路上林溪小区安宁华庭11号楼,201,北京市海淀区安宁庄东路上林溪小区安宁华庭11号楼,116.318788,40.044617,ok
海淀区,北京市海淀区龙岗路幼儿园,其他部门,地级其他部门,北京市海淀区清河龙岗路甲25号,202,北京市海淀区清河龙岗路甲25号,116.356953,40.029644,ok
海淀区,北京市海淀区为明实验幼儿园,民办,民办,海淀区四季青巨山路燕西台嘉苑小区甲21号,203,北京市海淀区四季青巨山路燕西台嘉苑小区甲21号,116.218932,39.944895,ok
海淀区,北京市海淀区北京师范大学实验幼儿园牡丹园分园幼儿园,民办,民办,北土城西路牡丹东里18号,204,北京市北土城西路牡丹东里18号,116.366701,39.976155,ok
海淀区,北京市海淀区亿城蓝天幼儿园,民办,民办,北京市海淀区马连洼竹园小区,205,北京市海淀区马连洼竹园小区,116.269867,40.03074,ok
海淀区,北京市海淀区民族幼儿园,教育部门,地级教育部门,北京市海淀区马甸玉兰园小区2号楼,206,北京市海淀区马甸玉兰园小区2号楼,116.345321,39.983166,ok
海淀区,北京市海淀区蓝宝特幼儿园,民办,民办,北京市海淀区四道口路1号8号楼,207,北京市海淀区四道口路1号8号楼,116.337978,39.960978,ok
海淀区,北京市海淀区培杰幼儿园,民办,民办,北京市海淀区黑泉路宝盛里观林园小区34号,208,北京市海淀区黑泉路宝盛里观林园小区34号,116.366755,40.037597,ok
海淀区,北京市海淀区东方博凯幼儿园,民办,民办,闵庄南路9号,209,北京市闵庄南路9号,116.240924,39.96572,ok
海淀区,北京市海淀区中关村科学城北区柳林幼儿园,集体,集体,北京市海淀区苏家坨镇柳林村河北三区62号,210,北京市海淀区苏家坨镇柳林村河北三区62号,116.134844,40.082227,ok
海淀区,北京市海淀区绿橙幼儿园,民办,民办,北京市海淀区田村路街道西木社区汤泉逸墅15栋,211,北京市海淀区田村路街道西木社区汤泉逸墅15栋,116.265798,39.936502,ok
海淀区,北京市福娃娃特殊教育中心,事业单位,事业单位,北京市海淀区清河三街52号,212,北京市海淀区清河三街52号,116.337737,40.026166,ok
海淀区,北京市海淀区大风车幼儿园,民办,民办,首体南路1号院,213,北京市首体南路1号院,116.3171,39.936838,ok
海淀区,北京市海淀区红黄蓝颐东苑幼儿园,民办,民办,北京市海淀区西苑100号颐东苑小区内,214,北京市海淀区西苑100号颐东苑小区内,116.634211,40.314808,ok
海淀区,北京市海淀区七一小学附属实验幼儿园,教育部门,地级教育部门,北京市海淀区莲熙嘉园9号,215,北京市海淀区莲熙嘉园9号,116.293631,39.894894,ok
海淀区,北京市海淀区玉渊潭实验幼儿园,集体,集体,北京市海淀区八里庄街道彰化南路五福玲珑居南区,216,北京市海淀区八里庄街道彰化南路五福玲珑居南区,116.280162,39.936756,ok
海淀区,北京十一晋元幼儿园,教育部门,地级教育部门,海淀区上庄大街与田村山南路交汇,217,北京市海淀区上庄大街与田村山南路交汇,116.223796,39.919499,ok
海淀区,北京市海淀区三色幼儿园,民办,民办,北京市海淀区高粱桥斜街19号院2号楼,218,北京市海淀区高粱桥斜街19号院2号楼,116.334962,39.945555,ok
海淀区,北京市海淀区福娃禧娃幼儿园,民办,民办,北京市海淀区万柳东路稻香园西里8号福娃禧娃幼儿园,219,北京市海淀区万柳东路稻香园西里8号福娃禧娃幼儿园,116.295523,39.969984,ok
海淀区,北京博识梦飞万柳幼儿园海淀有限公司,民办,民办,北京市海淀区万柳阳春光华甲1号,220,北京市海淀区万柳阳春光华甲1号,116.293569,39.964352,ok
海淀区,北京市海淀区桃蹊幼儿园有限公司,民办,民办,北京市海淀区西三旗建材城西路9号院10号楼,221,北京市海淀区西三旗建材城西路9号院10号楼,116.34849,40.064763,ok
海淀区,北京市海淀区东方悦稚幼儿园,民办,民办,北京市海淀区双槐树电站392号,222,北京市海淀区双槐树电站392号,116.258654,39.934348,ok
海淀区,北京博识梦飞香山幼儿园海淀有限公司,民办,民办,"北京市海淀区清琴山庄二里甲38号1层101至104,2层201至203,3层301至302",223,"北京市海淀区清琴山庄二里甲38号1层101至104,2层201至203,3层301至302",,,error
海淀区,北京一零一中实验幼儿园,教育部门,地级教育部门,北京市海淀区树村东路树村丽景苑,224,北京市海淀区树村东路树村丽景苑,116.297856,40.028993,ok
海淀区,北京中外友好幼儿院,教育部门,地级教育部门,北京市海淀区万寿路15号,225,北京市海淀区万寿路15号,116.288067,39.915447,ok
海淀区,北京市海淀区恩济里体大幼儿园,教育部门,地级教育部门,北京市海淀区信息路48号,226,北京市海淀区信息路48号,116.312769,40.02153,ok
海淀区,北京市优才幼儿园海淀有限责任公司,民办,民办,北京市海淀区榆树林一号,227,北京市海淀区榆树林一号,116.307146,39.976239,ok
海淀区,北京未来领秀幼儿园有限公司,民办,民办,北京市海淀区建材城翡丽华庭12号楼01至03,228,北京市海淀区建材城翡丽华庭12号楼01至03,116.360592,40.063633,ok
海淀区,北京市海淀区宏远幼儿园,民办,民办,北京市海淀区苏家坨镇聂各庄路34号平房南院,229,北京市海淀区苏家坨镇聂各庄路34号平房南院,116.111872,40.102669,ok
海淀区,北京市海淀区知萌迪生幼儿园,民办,民办,北京市海淀区瀚河园路3号院1号,230,北京市海淀区瀚河园路3号院1号,116.229554,39.974794,ok
海淀区,北京市海淀区凯迪豆豆幼儿园,民办,民办,北京市海淀区清河文苑小区28号院,231,北京市海淀区清河文苑小区28号院,116.543161,39.957185,ok
海淀区,北京本然森林幼儿园海淀有限公司,民办,民办,北京市海淀区西北旺镇韩家川村158号,232,北京市海淀区西北旺镇韩家川村158号,116.244224,40.035786,ok
海淀区,北京市海淀区实验幼儿园,教育部门,地级教育部门,北京市海淀区小牛房路24号院,233,北京市海淀区小牛房路24号院,116.25749,40.090053,ok
海淀区,北京市海淀区海育幼儿园,地方企业,地方企业,海淀区西北旺三街甲12号院2号,234,北京市海淀区西北旺三街甲12号院2号,116.273202,39.898827,ok
海淀区,北京市海淀区海育幼儿园永靓分园,地方企业,地方企业,北京市海淀区西北旺镇永靓家园东南侧,235,北京市海淀区西北旺镇永靓家园东南侧,116.239673,40.051511,ok
海淀区,北京市海淀区海育幼儿园幸福里分园,地方企业,地方企业,,236,北京市,116.401145,39.902776,ok
海淀区,北京北外幼儿园海淀有限公司,民办,民办,北京市西三环北路2号（东院）南区158号、159号楼,237,北京市西三环北路2号（东院）南区158号、159号楼,116.307004,39.953602,ok
海淀区,北京市海淀区爱儿坊橡树湾幼儿园,民办,民办,北京市海淀区清河橡树湾学府树五区三号楼,238,北京市海淀区清河橡树湾学府树五区三号楼,116.323787,40.03068,ok
海淀区,北京市海淀区四季阳光幼儿园,民办,民办,海淀区四季青常青路5号院5号楼,239,北京市海淀区四季青常青路5号院5号楼,116.265063,39.959298,ok
海淀区,北京市海淀区京童未来幼儿园,民办,民办,北京市海淀区温泉路南侧白家疃村170号,240,北京市海淀区温泉路南侧白家疃村170号,116.173894,40.038589,ok
海淀区,北京市海淀区娃娃丫丫幼儿园,民办,民办,北京市海淀区田村路街道兰德华庭小区6号楼,241,北京市海淀区田村路街道兰德华庭小区6号楼,116.318249,39.897164,ok
海淀区,北京市海淀区太极艾嘉幼儿园,民办,民办,北京市海淀区北四环中路211号院内生活区北3号楼北侧及4号楼南侧,242,北京市海淀区北四环中路211号院内生活区北3号楼北侧及4号楼南侧,116.366905,39.987077,ok
海淀区,北京博识梦飞四季青幼儿园海淀有限公司,民办,民办,北京市海淀区临枫嘉园北里20号楼,243,北京市海淀区临枫嘉园北里20号楼,116.240358,39.958366,ok
海淀区,北京宋庆龄幼儿园有限公司,地方企业,省级其他部门,北京市海淀区玉渊潭南路11号,244,北京市海淀区玉渊潭南路11号,116.310554,39.911579,ok
海淀区,北京市海淀区京童未来清河幼儿园,民办,民办,北京市海淀区清河四街1号,245,北京市海淀区清河四街1号,116.291624,39.958634,ok
海淀区,北京绿橙幼儿园有限公司,民办,民办,北京市海淀区砂石厂路西区,246,北京市海淀区砂石厂路西区,116.232819,39.922703,ok
海淀区,北京市海淀区清华附中稻香湖幼儿园,民办,民办,北京市海淀区中关村翠湖科技园E6地块三星庄路1号,247,北京市海淀区中关村翠湖科技园E6地块三星庄路1号,116.187078,40.078714,ok
海淀区,北京市海淀区京童未来上庄幼儿园,民办,民办,北京市海淀区上庄镇清泽园小区24号楼,248,北京市海淀区上庄镇清泽园小区24号楼,116.211955,40.092505,ok
海淀区,北京市六一幼儿院科学城园,教育部门,地级教育部门,北京市海淀区西北旺镇丰硕东路永旺家园3区,249,北京市海淀区西北旺镇丰硕东路永旺家园3区,116.247807,40.064943,ok
海淀区,北京市海淀区红英阳光幼儿园,教育部门,地级教育部门,北京市海淀区永大路与永丰路西北角,250,北京市海淀区永大路与永丰路西北角,116.22986,40.082847,ok
海淀区,北京市海淀区成志幼儿园,教育部门,地级教育部门,北京市海淀区清河三街33号,251,北京市海淀区清河三街33号,116.337381,40.029042,ok
海淀区,北京市海淀区科学城北区童心家园幼儿园,教育部门,地级教育部门,北京市海淀区苏家坨镇凤仪佳苑八里19号楼西侧,252,北京市海淀区苏家坨镇凤仪佳苑八里19号楼西侧,116.138056,40.100431,ok
海淀区,北京市海淀区中关村第二小学科学城北区幼儿园,教育部门,地级教育部门,北京市海淀区土井村路万和嘉园二期1号楼西北侧,253,北京市海淀区土井村路万和嘉园二期1号楼西北侧,116.274938,40.062353,ok
海淀区,北京市海淀区聪明娃娃幼儿园,民办,民办,北京市海淀区温泉镇创客小镇社区配套商业楼8号楼一层,254,北京市海淀区温泉镇创客小镇社区配套商业楼8号楼一层,116.19506,40.048345,ok
海淀区,北京市海淀区神龙汇佳幼儿园,民办,民办,北京市海淀区西北旺友谊路航天城102号院汇佳幼儿园,255,北京市海淀区西北旺友谊路航天城102号院汇佳幼儿园,116.262833,40.078113,ok
海淀区,北京市海淀区首钢幼教建西苑幼儿园,地方企业,地方企业,北京市海淀区晋元庄建西苑小区,256,北京市海淀区晋元庄建西苑小区,116.200819,39.918016,ok
海淀区,北京市海淀区金幼清景园幼儿园,民办,民办,北京市海淀区龙岗路1号清景园6号楼,257,北京市海淀区龙岗路1号清景园6号楼,116.345396,40.030418,ok
海淀区,北京市海淀区青苗幼儿园,民办,民办,四季青镇巨山路21号D栋A区,258,北京市四季青镇巨山路21号D栋A区,116.219247,39.946405,ok
海淀区,北京市海淀区小天使幼儿园,民办,民办,北京市海淀区车道沟南里小区内,259,北京市海淀区车道沟南里小区内,116.292741,39.939517,ok
海淀区,北京市海淀区科学城北区实验幼儿园,教育部门,地级教育部门,北京市海淀区温泉镇翡翠云图小区,260,北京市海淀区温泉镇翡翠云图小区,116.17474,40.047166,ok
海淀区,北京市海淀区学院路博雅学园幼儿园,民办,民办,北京市海淀区清华园暂安处甲9号,261,北京市海淀区清华园暂安处甲9号,116.323966,39.990171,ok
海淀区,北京畅想幼儿园有限公司,民办,民办,海淀区西二旗中路6号院二区15号楼二层201,262,北京市海淀区西二旗中路6号院二区15号楼二层201,116.308074,40.054803,ok
海淀区,北京市海淀区玉阜二十一世纪实验幼儿园,民办,民办,北京市海淀区玉泉路6号院玉阜嘉园内,263,北京市海淀区玉泉路6号院玉阜嘉园内,116.248048,39.922668,ok
海淀区,北京市六一幼儿院党校园,教育部门,地级教育部门,北京市海淀区青龙桥街道大有庄100号小北院,264,北京市海淀区青龙桥街道大有庄100号小北院,116.277896,40.000634,ok
海淀区,北京万泉幼儿园有限公司,民办,民办,北京市海淀区万泉河50号院稻香园十号楼西侧1幢,265,北京市海淀区万泉河50号院稻香园十号楼西侧1幢,116.302364,39.974248,ok
海淀区,北京石与溪幼儿园有限公司,民办,民办,海淀区远大园五区甲一号,266,北京市海淀区远大园五区甲一号,116.277007,39.951411,ok
海淀区,北京市海淀区海融惠爱幼儿园,地方企业,地方企业,北京市海淀区西三旗建材城中路东侧的金隅尚林家园小区,267,北京市海淀区西三旗建材城中路东侧的金隅尚林家园小区,116.361086,40.052771,ok
海淀区,北京市海淀区海融惠爱幼儿园永丰分园,地方企业,地方企业,海淀区友谊路与辛店北街交叉路口东200米瑞泽家园小区,268,北京市海淀区友谊路与辛店北街交叉路口东200米瑞泽家园小区,116.257156,40.085349,ok
海淀区,北京聚沙之年幼儿园海淀有限公司,民办,民办,海淀区畅茜园圣华里9号楼,269,北京市海淀区畅茜园圣华里9号楼,116.236793,39.927715,ok
海淀区,北京市海淀区锦秋幼儿园有限公司,民办,民办,北京市海淀区旱河路甲6号院2号楼,270,北京市海淀区旱河路甲6号院2号楼,116.217511,39.99007,ok
海淀区,北京市海淀区京童未来科学城幼儿园,民办,民办,北京市海淀区北部新村农村地区太舟坞安置房翠湖D21地块-HD00-0303-6002地块,271,北京市海淀区北部新村农村地区太舟坞安置房翠湖D21地块-HD00-0303-6002地块,116.210044,40.044579,ok
海淀区,中国人民解放军军事科学院幼儿园（厢红旗园）,部队,部队,北京市海淀区厢红旗青龙桥街道东门外一号,272,北京市海淀区厢红旗青龙桥街道东门外一号,116.285481,39.999919,ok
海淀区,北京市海淀区玉海二十一世纪实验幼儿园,民办,民办,北京市海淀区玉海园一里19号,273,北京市海淀区玉海园一里19号,116.249219,39.920821,ok
海淀区,北京市海淀区台头小学附设幼儿班,教育部门,地级教育部门,北京市海淀区苏家坨镇北安河路36号,274,北京市海淀区苏家坨镇北安河路36号,116.115714,40.080096,ok
海淀区,北京市海淀区上庄中心小学附设幼儿班,教育部门,地级教育部门,北京市海淀区上庄镇上庄家园33号,275,北京市海淀区上庄镇上庄家园33号,116.21398,40.096744,ok
海淀区,北京市海淀区中关村第三小学附设幼儿班,教育部门,地级教育部门,北京市海淀区万柳中路23号,276,北京市海淀区万柳中路23号,116.291359,39.96199,ok
海淀区,中国农业科学院附属小学附设幼儿班,教育部门,地级教育部门,海淀区明光村23号,277,北京市海淀区明光村23号,116.344217,39.96194,ok
海淀区,清华附中上庄学校附设幼儿班,教育部门,地级教育部门,北京市海淀区上庄镇东小营2号,278,北京市海淀区上庄镇东小营2号,116.345321,39.983166,ok
海淀区,北京实验学校（海淀）附设幼儿班,教育部门,地级教育部门,北京市海淀区阜成路甲3号,279,北京市海淀区阜成路甲3号,116.320927,39.924169,ok
海淀区,北京市第十九中学附设幼儿班,教育部门,地级教育部门,万泉河83号,280,北京市万泉河83号,116.302364,39.974248,ok
海淀区,北京十一学校附设幼儿班,教育部门,地级教育部门,海淀区玉泉路66号,281,北京市海淀区玉泉路66号,116.249215,39.900872,ok
海淀区,北京市育英学校附设幼儿班,教育部门,地级教育部门,海淀区西翠路17号,282,北京市海淀区西翠路17号,116.27413,39.914913,ok
海淀区,北京市健翔学校附设幼儿班,教育部门,地级教育部门,北京市海淀区人大南路6号,283,北京市海淀区人大南路6号,116.30214,39.969376,ok
海淀区,北京市海淀区幸福童年社区办园点,社区办园点,社区办园点,北京市海淀区田村路中国房子,284,北京市海淀区田村路中国房子,116.243927,39.929144,ok
