机构名称,地址,邮政编码,区县代码,区县名称,经济类型名称,机构管理名称,source_row,geocode_query,lon_wgs84,lat_wgs84,geocode_status
北京大学医学部社区卫生服务中心,北京市海淀区学院路38号,100191,110108,海淀区,国有全资,非营利性医疗机构,1,北京市海淀区学院路38号,116.351698,39.983387,ok
北京航空航天大学社区卫生服务中心（北京航空航天大学医院）,北京市海淀区学院路37号,100191,110108,海淀区,国有全资,非营利性医疗机构,2,北京市海淀区学院路37号,116.344749,39.979269,ok
北京交通大学社区卫生服务中心（北京交通大学医院）,北京市海淀区西直门外上园村3号,100044,110108,海淀区,国有全资,非营利性医疗机构,3,北京市海淀区西直门外上园村3号,116.335963,39.949875,ok
北京科技大学社区卫生服务中心（北京科技大学医院）,海淀区学院路30号,100083,110108,海淀区,国有全资,非营利性医疗机构,4,北京市海淀区学院路30号,116.358721,39.988013,ok
北京理工大学社区卫生服务中心（北京理工大学医院）,海淀区中关村南大街5号,100081,110108,海淀区,国有全资,非营利性医疗机构,5,北京市海淀区中关村南大街5号,116.309312,39.959347,ok
北京林业大学社区卫生服务中心（北京林业大学医院）,北京市海淀区清华东路35号,100083,110108,海淀区,国有全资,非营利性医疗机构,6,北京市海淀区清华东路35号,116.339121,40.001829,ok
北京师范大学社区卫生服务中心（北京师范大学医院）,北京市海淀区新街口外大街19号,100875,110108,海淀区,国有全资,非营利性医疗机构,7,北京市海淀区新街口外大街19号,116.360081,39.960195,ok
北京市海淀区八里庄街道北洼西里社区卫生服务站,北京市海淀区北洼西里双紫小区甲29-9、甲29-10、甲29-11、甲29-12、甲29-13,100089,110108,海淀区,国有全资,非营利性医疗机构,8,北京市海淀区北洼西里双紫小区甲29-9、甲29-10、甲29-11、甲29-12、甲29-13,116.292919,39.938378,ok
北京市海淀区八里庄街道定慧寺社区卫生服务站,北京市海淀区八里庄定慧北里27号楼5门102,100142,110108,海淀区,国有全资,非营利性医疗机构,9,北京市海淀区八里庄定慧北里27号楼5门102,116.274395,39.925641,ok
北京市海淀区八里庄街道核二院社区卫生服务站,北京市海淀区马神庙一号,100840,110108,海淀区,集体全资,非营利性医疗机构,10,北京市海淀区马神庙一号,116.300683,39.925067,ok
北京市海淀区八里庄街道亮甲店社区卫生服务站,北京市海淀区定慧家园北里（八里庄路63号院）2号楼首层,100142,110108,海淀区,集体全资,非营利性医疗机构,11,北京市海淀区定慧家园北里（八里庄路63号院）2号楼首层,116.270905,39.927725,ok
北京市海淀区八里庄社区卫生服务中心（北京市海淀区八里庄医院）,北京市海淀区阜外亮甲店1号恩济西园10号楼首层,100142,110108,海淀区,国有全资,非营利性医疗机构,12,北京市海淀区阜外亮甲店1号恩济西园10号楼首层,116.275309,39.930555,ok
北京市海淀区北安河社区卫生服务中心（北安河卫生院）,北京市海淀区北安河路8号,100095,110108,海淀区,国有全资,非营利性医疗机构,13,北京市海淀区北安河路8号,116.117493,40.05909,ok
北京市海淀区北太平庄街道明光村社区卫生服务站,海淀区明光村小区19号楼1号,100088,110108,海淀区,集体全资,非营利性医疗机构,14,北京市海淀区明光村小区19号楼1号,116.34796,39.954063,ok
北京市海淀区北太平庄街道太月园社区卫生服务站,海淀区太月园小区10号楼地下一层,100088,110108,海淀区,国有全资,非营利性医疗机构,15,北京市海淀区太月园小区10号楼地下一层,116.340065,39.971952,ok
北京市海淀区北太平庄街道冶建院社区卫生服务站,北京市海淀区西土城路31号,100088,110108,海淀区,国有全资,非营利性医疗机构,16,北京市海淀区西土城路31号,116.346493,39.962008,ok
北京市海淀区北太平庄街道有色金属研究总院社区卫生服务站,北京市海淀区新街口外大街3号,100088,110108,海淀区,国有全资,非营利性医疗机构,17,北京市海淀区新街口外大街3号,116.363405,39.964581,ok
北京市海淀区北太平庄社区卫生服务中心（北京市海淀区北太平庄医院）,北京市海淀区文慧园6号楼,100088,110108,海淀区,国有全资,非营利性医疗机构,18,北京市海淀区文慧园6号楼,116.357077,39.94942,ok
北京市海淀区北下关街道动物园社区卫生服务站,北京市海淀区北下关西外大街太平庄动物园家委会,100081,110108,海淀区,国有全资,非营利性医疗机构,19,北京市海淀区北下关西外大街太平庄动物园家委会,116.350922,39.95053,ok
北京市海淀区北下关街道钢研社区卫生服务站,北京市海淀区高粱斜街13号院内二层小楼,100081,110108,海淀区,国有全资,非营利性医疗机构,20,北京市海淀区高粱斜街13号院内二层小楼,116.339783,39.943886,ok
北京市海淀区北下关街道青云社区卫生服务站,北京市海淀区北三环西路40号,100086,110108,海淀区,国有全资,非营利性医疗机构,21,北京市海淀区北三环西路40号,116.320904,39.964264,ok
北京市海淀区北下关街道双安社区卫生服务站,北京市海淀区双榆树南里二里3号平房,100086,110108,海淀区,国有全资,非营利性医疗机构,22,北京市海淀区双榆树南里二里3号平房,116.323455,39.964146,ok
北京市海淀区北下关街道皂君庙社区卫生服务站,北京市海淀区学院南路皂君东里,100081,110108,海淀区,集体全资,非营利性医疗机构,23,北京市海淀区学院南路皂君东里,116.330916,39.95804,ok
北京市海淀区北下关街道中国铁道科学研究院社区卫生服务站,北京市海淀区西直门外大柳树路2号,100081,110108,海淀区,国有全资,非营利性医疗机构,24,北京市海淀区西直门外大柳树路2号,116.334795,39.955274,ok
北京市海淀区北下关街道中央财经大学社区卫生服务站,海淀区学院南路39号院,100081,110108,海淀区,国有全资,非营利性医疗机构,25,北京市海淀区学院南路39号院,116.338436,39.956992,ok
北京市海淀区北下关社区卫生服务中心（北京市海淀区北下关医院）,北京市海淀区北下关财院东侧路,100081,110108,海淀区,国有全资,非营利性医疗机构,26,北京市海淀区北下关财院东侧路,116.332566,39.954642,ok
北京市海淀区东升镇八家嘉园社区卫生服务站,北京市海淀区东升镇八家嘉园19号楼地上一层,100085,110108,海淀区,国有全资,非营利性医疗机构,27,北京市海淀区东升镇八家嘉园19号楼地上一层,116.339145,40.014781,ok
北京市海淀区东升镇宝盛里社区卫生服务站,北京市海淀区观林园B35号楼首层东侧,100192,110108,海淀区,国有全资,非营利性医疗机构,28,北京市海淀区观林园B35号楼首层东侧,116.366965,40.03756,ok
北京市海淀区东升镇社区卫生服务中心（北京市海淀区东升卫生院）,北京市海淀区东升镇潘庄村西路,100192,110108,海淀区,集体全资,非营利性医疗机构,29,北京市海淀区东升镇潘庄村西路,116.328018,39.993782,ok
北京市海淀区东升镇朱房前街社区卫生服务站,北京市海淀区清河朱房前街4号院,100192,110108,海淀区,国有全资,非营利性医疗机构,30,北京市海淀区清河朱房前街4号院,116.322508,40.025616,ok
北京市海淀区甘家口街道财政局社区卫生服务站,北京市海淀区阜成路11号145栋一层101-109,100036,110108,海淀区,国有全资,非营利性医疗机构,31,北京市海淀区阜成路11号145栋一层101-109,116.312672,39.924526,ok
北京市海淀区甘家口街道阜南社区卫生服务站,海淀区阜成路南街8号,100037,110108,海淀区,集体全资,非营利性医疗机构,32,北京市海淀区阜成路南街8号,116.297676,39.922637,ok
北京市海淀区甘家口街道航天工业社区卫生服务站,北京市海淀区阜成路8号,100830,110108,海淀区,国有全资,非营利性医疗机构,33,北京市海淀区阜成路8号,116.310788,39.920613,ok
北京市海淀区甘家口街道合建楼社区卫生服务站,海淀区车公庄西路45号,100044,110108,海淀区,集体全资,非营利性医疗机构,34,北京市海淀区车公庄西路45号,116.305576,39.932259,ok
北京市海淀区甘家口街道花园村社区卫生服务站,海淀区车公庄西路花园村甲10号,100044,110108,海淀区,集体全资,非营利性医疗机构,35,北京市海淀区车公庄西路花园村甲10号,116.309263,39.930267,ok
北京市海淀区甘家口街道进口社区卫生服务站,海淀区三里河路5号院,100044,110108,海淀区,集体全资,非营利性医疗机构,36,北京市海淀区三里河路5号院,116.324687,39.933534,ok
北京市海淀区甘家口街道潘庄社区卫生服务站,北京市海淀区潘庄1号院附属服务楼一层,100048,110108,海淀区,国有全资,非营利性医疗机构,37,北京市海淀区潘庄1号院附属服务楼一层,116.2639,39.907054,ok
北京市海淀区甘家口街道水科院北院社区卫生服务站,北京市海淀区车公庄西路20号,100044,110108,海淀区,国有全资,非营利性医疗机构,38,北京市海淀区车公庄西路20号,116.3168,39.929937,ok
北京市海淀区甘家口街道外文社区卫生服务站,海淀区紫竹院南路20号外文印刷厂宿舍,100044,110108,海淀区,集体全资,非营利性医疗机构,39,北京市海淀区紫竹院南路20号外文印刷厂宿舍,116.314776,39.933492,ok
北京市海淀区甘家口街道西钓社区卫生服务站,北京市海淀区西三环中路11号,100142,110108,海淀区,国有全资,非营利性医疗机构,40,北京市海淀区西三环中路11号,116.301011,39.918129,ok
北京市海淀区甘家口社区卫生服务中心（北京市海淀区甘家口医院）,北京市海淀区增光路甲57号,100037,110108,海淀区,国有全资,非营利性医疗机构,41,北京市海淀区增光路甲57号,116.32383,39.926075,ok
北京市海淀区海淀街道小南庄社区卫生服务站,北京市海淀区小南庄小区31号楼,100086,110108,海淀区,国有全资,非营利性医疗机构,42,北京市海淀区小南庄小区31号楼,116.297976,39.966656,ok
北京市海淀区海淀街道芙蓉里社区卫生服务站,北京市海淀区万泉路芙蓉里小区7号楼一层,100080,110108,海淀区,国有全资,非营利性医疗机构,43,北京市海淀区万泉路芙蓉里小区7号楼一层,116.294601,39.987372,ok
北京市海淀区海淀乡功德寺社区卫生服务站,北京市海淀区海淀乡功德寺后营村六间房,100092,110108,海淀区,国有全资,非营利性医疗机构,44,北京市海淀区海淀乡功德寺后营村六间房,116.296914,39.968511,ok
北京市海淀区海淀镇社区卫生服务中心（北京市海淀区海淀卫生院）,海淀区西苑操场108号,100091,110108,海淀区,国有全资,非营利性医疗机构,45,北京市海淀区西苑操场108号,116.28652,39.992087,ok
北京市海淀区花园路街道1201社区卫生服务站,北京市海淀区花园路5号院11号楼南侧,100088,110108,海淀区,国有全资,非营利性医疗机构,46,北京市海淀区花园路5号院11号楼南侧,116.35512,39.97312,ok
北京市海淀区花园路街道北科欣兴社区卫生服务站,北京市海淀区花园路街道花园路3号院2号楼北侧平房,100088,110108,海淀区,国有全资,非营利性医疗机构,47,北京市海淀区花园路街道花园路3号院2号楼北侧平房,116.345321,39.983166,ok
北京市海淀区花园路街道北影社区卫生服务站,北京市海淀区北三环中路77号,100088,110108,海淀区,国有全资,非营利性医疗机构,48,北京市海淀区北三环中路77号,116.351488,39.971429,ok
北京市海淀区花园路街道金尚嘉园社区卫生服务站,北京市海淀区花园路甲2号3号楼7-101,100088,110108,海淀区,国有全资,非营利性医疗机构,49,北京市海淀区花园路甲2号3号楼7-101,116.345321,39.983166,ok
北京市海淀区花园路街道塔院社区卫生服务站,北京市海淀区塔院小区朗秋园3楼1门103,100088,110108,海淀区,国有全资,非营利性医疗机构,50,北京市海淀区塔院小区朗秋园3楼1门103,116.354867,39.975522,ok
北京市海淀区花园路社区卫生服务中心,北京市海淀区马甸西路月季园小区,100088,110108,海淀区,国有全资,非营利性医疗机构,51,北京市海淀区马甸西路月季园小区,116.367544,39.970247,ok
北京市海淀区蓟门里社区卫生服务中心(北京市海淀区蓟门里医院),北京市海淀区蓟门里小区内,100088,110108,海淀区,国有全资,非营利性医疗机构,52,北京市海淀区蓟门里小区内,116.345389,39.968417,ok
北京市海淀区马连洼街道百旺茉莉园社区卫生服务站,北京市海淀区马连洼街道百旺茉莉园36号物业楼,100193,110108,海淀区,国有全资,非营利性医疗机构,53,北京市海淀区马连洼街道百旺茉莉园36号物业楼,116.247303,40.047226,ok
北京市海淀区马连洼街道梅园社区卫生服务站,北京市海淀区梅园小区商务平房,100193,110108,海淀区,国有全资,非营利性医疗机构,54,北京市海淀区梅园小区商务平房,116.268081,40.027476,ok
北京市海淀区马连洼街道天秀花园社区卫生服务站,北京市海淀区天秀花园安和园11号楼,100193,110108,海淀区,国有全资,非营利性医疗机构,55,北京市海淀区天秀花园安和园11号楼,116.266947,40.018107,ok
北京市海淀区马连洼街道肖家河社区卫生服务站,海淀区马连洼街道肖家河正黄旗1号,100091,110108,海淀区,国有全资,非营利性医疗机构,56,北京市海淀区马连洼街道肖家河正黄旗1号,116.279946,40.016291,ok
北京市海淀区马连洼街道竹园社区卫生服务站,北京市海淀区东北旺镇马连洼竹园小区综合楼112号,100194,110108,海淀区,其他,非营利性医疗机构,57,北京市海淀区东北旺镇马连洼竹园小区综合楼112号,116.269867,40.03074,ok
北京市海淀区聂各庄卫生院,聂各庄路26号,100194,110108,海淀区,国有全资,非营利性医疗机构,58,北京市聂各庄路26号,116.11173,40.103916,ok
北京市海淀区青龙桥街道二河开社区卫生服务站,北京市海淀区青龙桥街道二河开村村北,100091,110108,海淀区,国有全资,非营利性医疗机构,59,北京市海淀区青龙桥街道二河开村村北,116.308206,40.016113,ok
北京市海淀区青龙桥街道国际关系学院社区卫生服务站,淀区大有庄坡上村12号    ,100091,110108,海淀区,国有全资,非营利性医疗机构,60,北京市淀区大有庄坡上村12号,116.280008,40.002693,ok
北京市海淀区青龙桥街道马连洼社区卫生服务站,北京市海淀区马连洼兰园小区物业白楼,100193,110108,海淀区,国有全资,非营利性医疗机构,61,北京市海淀区马连洼兰园小区物业白楼,116.270835,40.030924,ok
北京市海淀区青龙桥街道西苑社区卫生服务站,北京市海淀区骚子营2区67号,100091,110108,海淀区,国有全资,非营利性医疗机构,62,北京市海淀区骚子营2区67号,116.278339,40.006578,ok
北京市海淀区青龙桥街道裕龙社区卫生服务站,青龙桥街道天秀路西裕隆新村,100193,110108,海淀区,国有全资,非营利性医疗机构,63,北京市青龙桥街道天秀路西裕隆新村,116.26224,40.023347,ok
北京市海淀区青龙桥街道中共中央党校社区卫生服务站,北京市海淀区大有北里143楼,100091,110108,海淀区,集体全资,非营利性医疗机构,64,北京市海淀区大有北里143楼,116.272719,40.014838,ok
北京市海淀区青龙桥社区卫生服务中心,北京市海淀区厢红旗东2号,100091,110108,海淀区,国有全资,非营利性医疗机构,65,北京市海淀区厢红旗东2号,116.256665,40.005048,ok
北京市海淀区清河街道美和园社区卫生服务站,北京市海淀区清河小营西路48号金隅美和园西区6号楼4单元1层,100085,110108,海淀区,国有全资,非营利性医疗机构,66,北京市海淀区清河小营西路48号金隅美和园西区6号楼4单元1层,116.317385,40.032827,ok
北京市海淀区清河街道清毛社区卫生服务站,北京市海淀区清河镇,100085,110108,海淀区,其他,非营利性医疗机构,67,北京市海淀区清河镇,116.349929,40.041792,ok
北京市海淀区清河街道清上园社区卫生服务站,北京市海淀区清河三街72号,100085,110108,海淀区,国有全资,非营利性医疗机构,68,北京市海淀区清河三街72号,116.32727,40.038662,ok
北京市海淀区清河街道社会福利社区卫生服务中心,北京市海淀区清河三街52号北京市社会福利院门诊楼一层,100085,110108,海淀区,国有全资,非营利性医疗机构,69,北京市海淀区清河三街52号北京市社会福利院门诊楼一层,116.337737,40.026166,ok
北京市海淀区清河街道西二旗社区卫生服务站,北京市海淀区领秀新硅谷85号楼底商4单元101、3单元102,100085,110108,海淀区,国有全资,非营利性医疗机构,70,北京市海淀区领秀新硅谷85号楼底商4单元101、3单元102,116.303754,40.053822,ok
北京市海淀区清河街道学府树社区卫生服务站,北京市海淀区清河学府树家园综合楼,100085,110108,海淀区,国有全资,非营利性医疗机构,71,北京市海淀区清河学府树家园综合楼,116.323787,40.03068,ok
北京市海淀区清河街道朱房社区卫生服务站,北京市海淀区清河街道前街56号,100085,110108,海淀区,国有全资,非营利性医疗机构,72,北京市海淀区清河街道前街56号,116.333711,40.029495,ok
北京市海淀区清河街道怡美社区卫生服务站,北京市海淀区清河安宁庄西路15号,100085,110108,海淀区,国有全资,非营利性医疗机构,73,北京市海淀区清河安宁庄西路15号,116.315055,40.038659,ok
北京市海淀区清河社区卫生服务中心（北京市海淀区清河医院）,北京市海淀区安宁庄东路19号,100085,110108,海淀区,国有全资,非营利性医疗机构,74,北京市海淀区安宁庄东路19号,116.322767,40.044106,ok
北京市海淀区上地街道东馨园社区卫生服务站,北京市海淀区东北旺东馨小区,100084,110108,海淀区,国有全资,非营利性医疗机构,75,北京市海淀区东北旺东馨小区,116.27387,40.041917,ok
北京市海淀区上地街道上地社区卫生服务站,海淀区上地南路6号院1楼,100085,110108,海淀区,国有全资,非营利性医疗机构,76,北京市海淀区上地南路6号院1楼,116.311992,40.028534,ok
北京市海淀区上地街道树村社区卫生服务站,海淀区上地街道厢黄旗万树园小区,100094,110108,海淀区,集体全资,非营利性医疗机构,77,北京市海淀区上地街道厢黄旗万树园小区,116.286184,40.026312,ok
北京市海淀区上地街道亿城社区卫生服务站,北京市海淀区西北旺中关村软件园“亿城北旺雅苑”项目住宅31号楼9单元1层117号,100193,110108,海淀区,国有全资,非营利性医疗机构,78,北京市海淀区西北旺中关村软件园“亿城北旺雅苑”项目住宅31号楼9单元1层117号,116.241033,40.083799,ok
北京市海淀区上地街道紫成嘉园社区卫生服务站,北京市海淀区上地街道紫成嘉园14号楼一单元102室,100193,110108,海淀区,其他,非营利性医疗机构,79,北京市海淀区上地街道紫成嘉园14号楼一单元102室,116.287933,40.029006,ok
北京市海淀区上地社区卫生服务中心(北京市海淀区东北旺中心卫生院),北京市海淀区西北旺二街5号,100094,110108,海淀区,国有全资,非营利性医疗机构,80,北京市海淀区西北旺二街5号,116.258218,40.048346,ok
北京市海淀区上地园区社区卫生服务中心,北京市海淀区上地西路52号,100085,110108,海淀区,国有全资,非营利性医疗机构,81,北京市海淀区上地西路52号,116.304668,40.028583,ok
北京市海淀区上庄镇八家村社区卫生服务站,北京市海淀区上庄镇八家村村委会,100194,110108,海淀区,国有全资,非营利性医疗机构,82,北京市海淀区上庄镇八家村村委会,116.181949,40.112681,ok
北京市海淀区上庄镇白水洼社区卫生服务站,北京市海淀区上庄卫生院三分场场部,100094,110108,海淀区,国有全资,非营利性医疗机构,83,北京市海淀区上庄卫生院三分场场部,116.206796,40.111193,ok
北京市海淀区上庄镇东马坊社区卫生服务站,北京市海淀区上庄镇东马坊村,102205,110108,海淀区,国有全资,非营利性医疗机构,84,北京市海淀区上庄镇东马坊村,116.203503,40.089468,ok
北京市海淀区上庄镇后章村社区卫生服务站,北京市海淀区上庄镇后章村,102205,110108,海淀区,国有全资,非营利性医疗机构,85,北京市海淀区上庄镇后章村,116.182949,40.125044,ok
北京市海淀区上庄镇梅所屯社区卫生服务站,北京市海淀区上庄镇梅所屯村委会,102206,110108,海淀区,国有全资,非营利性医疗机构,86,北京市海淀区上庄镇梅所屯村委会,116.226193,40.130136,ok
北京市海淀区上庄镇南玉河社区卫生服务站,北京市海淀区上庄镇南玉河村,100094,110108,海淀区,国有全资,非营利性医疗机构,87,北京市海淀区上庄镇南玉河村,116.213291,40.112454,ok
北京市海淀区上庄镇前章村社区卫生服务站,北京市海淀区上庄镇前章村,100094,110108,海淀区,国有全资,非营利性医疗机构,88,北京市海淀区上庄镇前章村,116.172044,40.123677,ok
北京市海淀区上庄镇三嘉信苑社区卫生服务站,北京三嘉信苑经济适用房小区6号1单元201,100094,110108,海淀区,国有全资,非营利性医疗机构,89,北京市北京三嘉信苑经济适用房小区6号1单元201,116.200018,40.126763,ok
北京市海淀区上庄镇上庄家园社区卫生服务站,北京市海淀区上庄镇政府北侧,100094,110108,海淀区,国有全资,非营利性医疗机构,90,北京市海淀区上庄镇政府北侧,116.20925,40.095547,ok
北京市海淀区上庄镇社区卫生服务中心（北京市海淀区上庄卫生院）,北京市海淀区上庄镇上庄村,100094,110108,海淀区,国有全资,非营利性医疗机构,91,北京市海淀区上庄镇上庄村,116.204937,40.107371,ok
北京市海淀区上庄镇西辛力屯社区卫生服务站,北京市海淀区上庄镇西辛力屯村,102205,110108,海淀区,国有全资,非营利性医疗机构,92,北京市海淀区上庄镇西辛力屯村,116.166922,40.139984,ok
北京市海淀区上庄镇西闸社区卫生服务站,北京市海淀区上庄镇西闸村,102205,110108,海淀区,国有全资,非营利性医疗机构,93,北京市海淀区上庄镇西闸村,116.196245,40.146322,ok
北京市海淀区上庄镇馨瑞家园社区卫生服务站,北京市海淀区上庄镇馨瑞家园,100094,110108,海淀区,国有全资,非营利性医疗机构,94,北京市海淀区上庄镇馨瑞家园,116.20925,40.095547,ok
北京市海淀区时雨园社区卫生服务站,北京市海淀区蓝靛厂时雨园甲1号甲1-2、甲1-3,100097,110108,海淀区,其他,非营利性医疗机构,95,北京市海淀区蓝靛厂时雨园甲1号甲1-2、甲1-3,116.275623,39.959966,ok
北京市海淀区曙光街道金雅园社区卫生服务站,北京市海淀区曙光街道金雅园6号楼底商104室,100097,110108,海淀区,国有全资,非营利性医疗机构,96,北京市海淀区曙光街道金雅园6号楼底商104室,116.271466,39.941764,ok
北京市海淀区曙光街道农林科学院社区卫生服务站,北京市海淀区西郊板井,100089,110108,海淀区,国有全资,非营利性医疗机构,97,北京市海淀区西郊板井,116.276864,39.940598,ok
北京市海淀区曙光街道世纪城社区卫生服务站,北京市海淀区曙光街道世纪城下沉广场,100097,110108,海淀区,国有全资,非营利性医疗机构,98,北京市海淀区曙光街道世纪城下沉广场,116.278697,39.958694,ok
北京市海淀区曙光街道曙光花园社区卫生服务站,北京市海淀区曙光花园望塔园综合楼一层,100097,110108,海淀区,国有全资,非营利性医疗机构,99,北京市海淀区曙光花园望塔园综合楼一层,116.286801,39.940326,ok
北京市海淀区曙光街道烟树园社区卫生服务站,北京市海淀区曙光街道烟树园社区,100097,110108,海淀区,集体全资,非营利性医疗机构,100,北京市海淀区曙光街道烟树园社区,116.339244,39.971052,ok
北京市海淀区双榆树社区卫生服务中心(北京市海淀区中医医院),海淀区双榆树西里12号,100086,110108,海淀区,国有全资,非营利性医疗机构,101,北京市海淀区双榆树西里12号,116.318563,39.968632,ok
北京市海淀区四季青镇北坞嘉园社区卫生服务站,北京市海淀区闵庄路玉泉慧谷西区4号楼底商,100091,110108,海淀区,其他,非营利性医疗机构,102,北京市海淀区闵庄路玉泉慧谷西区4号楼底商,116.250375,39.974181,ok
北京市海淀区四季青镇常青园北里社区卫生服务站,北京市海淀区四季青镇常青园北里,100195,110108,海淀区,集体全资,非营利性医疗机构,103,北京市海淀区四季青镇常青园北里,116.265707,39.960601,ok
北京市海淀区四季青镇常青园社区卫生服务站,北京市海淀区四季青镇东冉村常青园1区7号楼地下一层,100195,110108,海淀区,国有全资,非营利性医疗机构,104,北京市海淀区四季青镇东冉村常青园1区7号楼地下一层,116.264709,39.954303,ok
北京市海淀区四季青镇红门社区卫生服务站,北京市海淀区四季青镇香山正蓝旗28号,,110108,海淀区,集体全资,非营利性医疗机构,105,北京市海淀区四季青镇香山正蓝旗28号,116.219782,39.996683,ok
北京市海淀区四季青镇巨山社区卫生服务站,北京市海淀区四季青镇巨山馨苑,100093,110108,海淀区,集体全资,非营利性医疗机构,106,北京市海淀区四季青镇巨山馨苑,116.220402,39.942063,ok
北京市海淀区四季青镇门头村社区卫生服务站,北京市海淀区门头馨村北一区215号,100093,110108,海淀区,国有全资,非营利性医疗机构,107,北京市海淀区门头馨村北一区215号,116.208057,39.973355,ok
北京市海淀区四季青镇双新园社区卫生服务站,北京海淀区四季青镇双新村双拥路东侧,100093,110108,海淀区,国有全资,非营利性医疗机构,108,北京市北京海淀区四季青镇双新村双拥路东侧,116.208987,39.961254,ok
北京市海淀区四季青镇天香颐社区卫生服务站,海淀区四季青镇天香颐小区天香颐社区卫生服务站,100195,110108,海淀区,国有全资,非营利性医疗机构,109,北京市海淀区四季青镇天香颐小区天香颐社区卫生服务站,116.243153,39.966904,ok
北京市海淀区四季青镇田村社区卫生服务站,北京市海淀区田村前街153号,100049,110108,海淀区,国有全资,非营利性医疗机构,110,北京市海淀区田村前街153号,116.239673,39.927206,ok
北京市海淀区四季青镇西郊机场社区卫生服务站,北京市海淀区闵航路空字第1120A,100195,110108,海淀区,其他,非营利性医疗机构,111,北京市海淀区闵航路空字第1120A,116.252053,39.968708,ok
北京市海淀区四季青镇西冉社区卫生服务站,北京市海淀区四季青镇西冉村渔场,100195,110108,海淀区,集体全资,非营利性医疗机构,112,北京市海淀区四季青镇西冉村渔场,116.252768,39.955488,ok
北京市海淀区四季青镇西山社区卫生服务站,北京市海淀区溪山嘉园山景轩5号,100195,110108,海淀区,国有全资,非营利性医疗机构,113,北京市海淀区溪山嘉园山景轩5号,116.224438,39.956558,ok
北京市海淀区四季青镇玉泉社区卫生服务站,北京市四季青镇中坞村362号,100195,110108,海淀区,国有全资,非营利性医疗机构,114,北京市四季青镇中坞村362号,116.268631,39.95333,ok
北京市海淀区四季青镇郦城社区卫生服务站,北京市海淀区四季青镇四季青路8号-126室、129室、130室,100195,110108,海淀区,集体全资,非营利性医疗机构,115,北京市海淀区四季青镇四季青路8号-126室、129室、130室,116.264907,39.952392,ok
北京市海淀区苏家坨镇北分厂社区卫生服务站,北京市海淀区温泉北分瑞利集团家属区院内,100019,110108,海淀区,国有全资,非营利性医疗机构,116,北京市海淀区温泉北分瑞利集团家属区院内,116.17474,40.047166,ok
北京市海淀区苏家坨镇车耳营社区卫生服务站,北京市海淀区苏家坨镇车耳营村,100095,110108,海淀区,国有全资,非营利性医疗机构,117,北京市海淀区苏家坨镇车耳营村,116.092253,40.094022,ok
北京市海淀区苏家坨镇后沙涧社区卫生服务站,北京市海淀区苏家坨镇后沙涧村村委会,100095,110108,海淀区,国有全资,非营利性医疗机构,118,北京市海淀区苏家坨镇后沙涧村村委会,116.143173,40.114339,ok
北京市海淀区苏家坨镇柳林社区卫生服务站,北京市海淀区苏家坨镇柳林村河北三区74号,100194,110108,海淀区,国有全资,非营利性医疗机构,119,北京市海淀区苏家坨镇柳林村河北三区74号,116.134844,40.082227,ok
北京市海淀区苏家坨镇前沙涧社区卫生服务站,北京市海淀区苏家坨镇西小营集镇,100092,110108,海淀区,国有全资,非营利性医疗机构,120,北京市海淀区苏家坨镇西小营集镇,116.147575,40.072889,ok
北京市海淀区苏家坨镇社区卫生服务中心（北京市海淀区苏家坨中心卫生院）,海淀区苏家坨镇西小营集镇路东,100194,110108,海淀区,国有全资,非营利性医疗机构,121,北京市海淀区苏家坨镇西小营集镇路东,116.147575,40.072889,ok
北京市海淀区苏家坨镇同泽园社区卫生服务站,北京市海淀区苏家坨镇同泽园西里10号楼1层09号,100194,110108,海淀区,国有全资,非营利性医疗机构,122,北京市海淀区苏家坨镇同泽园西里10号楼1层09号,116.131973,40.10297,ok
北京市海淀区苏家坨镇西埠头社区卫生服务站,北京市海淀区北安河路42号,100095,110108,海淀区,国有全资,非营利性医疗机构,123,北京市海淀区北安河路42号,116.115487,40.083299,ok
北京市海淀区苏家坨镇周家巷社区卫生服务站,北京市海淀区温泉路116号,100095,110108,海淀区,国有全资,非营利性医疗机构,124,北京市海淀区温泉路116号,116.127351,40.052614,ok
北京市海淀区田村街道建西苑社区卫生服务站,北京市海淀区田村街道八角东路12号锅炉房东侧,100143,110108,海淀区,国有全资,非营利性医疗机构,125,北京市海淀区田村街道八角东路12号锅炉房东侧,116.265537,39.932249,ok
北京市海淀区田村街道西木社区卫生服务站,北京市海淀区西四环北路137号院甲3号,100143,110108,海淀区,国有全资,非营利性医疗机构,126,北京市海淀区西四环北路137号院甲3号,116.264695,39.930618,ok
北京市海淀区田村街道橡胶院社区卫生服务站,北京市海淀区阜石路甲19号院内工会礼堂一层,100143,110108,海淀区,国有全资,非营利性医疗机构,127,北京市海淀区阜石路甲19号院内工会礼堂一层,116.253591,39.925202,ok
北京市海淀区田村街道永金里社区卫生服务站,北京市海淀区五棵松81号院四号楼西设备层西侧房屋,100143,110108,海淀区,国有全资,非营利性医疗机构,128,北京市海淀区五棵松81号院四号楼西设备层西侧房屋,116.265852,39.920534,ok
北京市海淀区田村街道玉海园社区卫生服务站,北京市海淀区玉海园二里9号商用楼二层,100049,110108,海淀区,国有全资,非营利性医疗机构,129,北京市海淀区玉海园二里9号商用楼二层,116.248256,39.91869,ok
北京市海淀区田村路街道瑞和园社区卫生服务站,北京市海淀区田村山南路金隅瑞和园小区15#配套公建一层,100143,110108,海淀区,国有全资,非营利性医疗机构,130,北京市海淀区田村山南路金隅瑞和园小区15#配套公建一层,116.228131,39.919556,ok
北京市海淀区田村路社区卫生服务中心,北京市海淀区田村北路海澜中苑2号公建楼,100039,110108,海淀区,国有全资,非营利性医疗机构,131,北京市海淀区田村北路海澜中苑2号公建楼,116.234817,39.931944,ok
北京市海淀区万柳社区卫生服务站,北京市海淀区万柳星标家园1-6号楼之5号楼底商1门,100089,110108,海淀区,其他,非营利性医疗机构,132,北京市海淀区万柳星标家园1-6号楼之5号楼底商1门,116.293569,39.964352,ok
北京市海淀区万寿路甲15号院社区卫生服务站,北京市海淀区万寿路甲15号院西区,100036,110108,海淀区,国有全资,非营利性医疗机构,133,北京市海淀区万寿路甲15号院西区,116.286883,39.916809,ok
北京市海淀区万寿路街道翠微南里社区卫生服务站,北京市海淀区翠微南里南平房1号,100036,110108,海淀区,集体全资,非营利性医疗机构,134,北京市海淀区翠微南里南平房1号,116.292331,39.91118,ok
北京市海淀区万寿路街道翠微西里社区卫生服务站,万寿路翠微西里,100036,110108,海淀区,国有全资,非营利性医疗机构,135,北京市万寿路翠微西里,116.290352,39.915671,ok
北京市海淀区万寿路街道复兴路社区卫生服务站,北京市海淀区复兴路24号,100036,110108,海淀区,集体全资,非营利性医疗机构,136,北京市海淀区复兴路24号,116.277587,39.90221,ok
北京市海淀区万寿路街道沙窝社区卫生服务站,西翠路5号今日家园5楼B02、03,100039,110108,海淀区,国有全资,非营利性医疗机构,137,北京市西翠路5号今日家园5楼B02、03,116.276374,39.900236,ok
北京市海淀区万寿路街道铁路宿舍社区卫生服务站,北京市海淀区万寿路1号院,100036,110108,海淀区,国有全资,非营利性医疗机构,138,北京市海淀区万寿路1号院,116.279294,39.917399,ok
北京市海淀区万寿路街道万寿园社区卫生服务站,万寿路西街甲板1号院5号楼一层,100036,110108,海淀区,国有全资,非营利性医疗机构,139,北京市万寿路西街甲板1号院5号楼一层,116.408324,40.044396,ok
北京市海淀区万寿路街道新兴年代社区卫生服务站,北京市海淀区新兴年代小区1号楼首层配套用房,100036,110108,海淀区,国有全资,非营利性医疗机构,140,北京市海淀区新兴年代小区1号楼首层配套用房,116.317758,39.898157,ok
北京市海淀区万寿路街道紫金长安社区卫生服务站,北京市海淀区西翠路17号院紫金长安家园17号楼1单元102号,100142,110108,海淀区,国有全资,非营利性医疗机构,141,北京市海淀区西翠路17号院紫金长安家园17号楼1单元102号,116.275611,39.915451,ok
北京市海淀区万寿路街道总参军训和兵种部第六干休所社区卫生服务站,北京市海淀区万寿路街道复兴路26号院12楼,100851,110108,海淀区,国有全资,非营利性医疗机构,142,北京市海淀区万寿路街道复兴路26号院12楼,116.273898,39.901911,ok
北京市海淀区万寿路社区卫生服务中心（北京市海淀区万寿路医院）,北京市海淀区翠微中里十三号,100036,110108,海淀区,国有全资,非营利性医疗机构,143,北京市海淀区翠微中里十三号,116.291189,39.914055,ok
北京市海淀区温泉村社区卫生服务站,北京市海淀区温泉镇温泉村委会东北街,100095,110108,海淀区,国有全资,非营利性医疗机构,144,北京市海淀区温泉镇温泉村委会东北街,116.150567,40.05121,ok
北京市海淀区温泉镇航材院社区卫生服务中心（航空总医院航材院门诊部）,北京市81信箱59分箱,100095,110108,海淀区,国有全资,非营利性医疗机构,145,北京市81信箱59分箱,116.448524,39.934959,ok
北京市海淀区温泉镇环保园社区卫生服务站,北京市海淀区温泉镇阅西山小区3号楼,100095,110108,海淀区,国有全资,非营利性医疗机构,146,北京市海淀区温泉镇阅西山小区3号楼,116.317672,39.897801,ok
北京市海淀区温泉镇尚峰园社区卫生服务站,北京市海淀区温泉镇白家疃尚峰园8号楼5单元103号,100095,110108,海淀区,国有全资,非营利性医疗机构,147,北京市海淀区温泉镇白家疃尚峰园8号楼5单元103号,116.176826,40.046088,ok
北京市海淀区温泉镇社区卫生服务中心（北京市海淀区温泉中心卫生院）,海淀区温泉镇黑龙潭,100095,110108,海淀区,国有全资,非营利性医疗机构,148,北京市海淀区温泉镇黑龙潭,116.19193,40.040346,ok
北京市海淀区温泉镇水岸温泉社区卫生服务站,北京市海淀区温泉镇水岸温泉小区北区13号楼,100095,110108,海淀区,国有全资,非营利性医疗机构,149,北京市海淀区温泉镇水岸温泉小区北区13号楼,116.297706,40.02291,ok
北京市海淀区温泉镇杨家庄社区卫生服务站,北京市海淀区温泉镇温泉人家小区物业一层,100095,110108,海淀区,国有全资,非营利性医疗机构,150,北京市海淀区温泉镇温泉人家小区物业一层,116.185113,40.042231,ok
北京市海淀区温泉镇颐阳山水居社区卫生服务站,北京市海淀区温泉镇颐阳一区社区门外居委会办公楼一层,,110108,海淀区,集体全资,非营利性医疗机构,151,北京市海淀区温泉镇颐阳一区社区门外居委会办公楼一层,116.205313,40.038288,ok
北京市海淀区温泉镇颐阳山水区社区卫生服务站,北京市海淀区温泉镇杨家庄村南颐阳山水居二区,100095,110108,海淀区,集体全资,非营利性医疗机构,152,北京市海淀区温泉镇杨家庄村南颐阳山水居二区,116.186005,40.028936,ok
北京市海淀区西北旺镇大牛坊社区卫生服务站,北京市海淀区大牛坊回迁房Ａ03地块二期2号楼Ｂ段一层中,100094,110108,海淀区,国有全资,非营利性医疗机构,153,北京市海淀区大牛坊回迁房Ａ03地块二期2号楼Ｂ段一层中,116.229899,40.085774,ok
北京市海淀区西北旺镇亮甲店村社区卫生服务站,北京市海淀区西北旺镇亮甲店村小区8号（平房）,100094,110108,海淀区,集体全资,非营利性医疗机构,154,北京市海淀区西北旺镇亮甲店村小区8号（平房）,116.235283,40.051498,ok
北京市海淀区西北旺镇六里屯社区卫生服务站,北京市海淀区六里屯回迁房四区底商,100094,110108,海淀区,国有全资,非营利性医疗机构,155,北京市海淀区六里屯回迁房四区底商,116.251399,40.066315,ok
北京市海淀区西北旺镇社区卫生服务中心（北京市海淀区永丰卫生院）,海淀区永丰嘉园五区7号楼底商 6号楼底商,100094,110108,海淀区,国有全资,非营利性医疗机构,156,北京市海淀区永丰嘉园五区7号楼底商 6号楼底商,116.247885,40.082733,ok
北京市海淀区西北旺镇唐家岭社区卫生服务站,北京市海淀区西北旺镇唐家岭新城公建配套楼一层,100094,110108,海淀区,其他,非营利性医疗机构,157,北京市海淀区西北旺镇唐家岭新城公建配套楼一层,116.270383,40.065242,ok
北京市海淀区西北旺镇西六社区卫生服务站,北京市海淀区西北旺镇宏丰西路1号院,100094,110108,海淀区,集体全资,非营利性医疗机构,158,北京市海淀区西北旺镇宏丰西路1号院,116.222968,40.050636,ok
北京市海淀区西北旺镇西山林语社区卫生服务站,北京市海淀区西北旺镇冷泉村冷泉住宅区西峰霞谷B区03-34号楼,100095,110108,海淀区,国有全资,非营利性医疗机构,159,北京市海淀区西北旺镇冷泉村冷泉住宅区西峰霞谷B区03-34号楼,116.208669,40.035442,ok
北京市海淀区西北旺镇友谊嘉园社区卫生服务站,北京市海淀区友谊嘉园中里2-S1公建房一层南,100094,110108,海淀区,国有全资,非营利性医疗机构,160,北京市海淀区友谊嘉园中里2-S1公建房一层南,116.252679,40.085223,ok
北京市海淀区西三旗街道富力桃园社区卫生服务站,北京市海淀区西三旗建材城项目C地块北部配套综合楼,100096,110108,海淀区,其他,非营利性医疗机构,161,北京市海淀区西三旗建材城项目C地块北部配套综合楼,116.347182,40.06126,ok
北京市海淀区西三旗街道建材城东里社区卫生服务站,北京市海淀区西三旗街道建材城东一里15楼,100093,110108,海淀区,国有全资,非营利性医疗机构,162,北京市海淀区西三旗街道建材城东一里15楼,116.366232,40.06138,ok
北京市海淀区西三旗街道军械修理厂社区卫生服务站,北京市海淀区西三旗建材城西路85号院22号楼,100096,110108,海淀区,国有全资,非营利性医疗机构,163,北京市海淀区西三旗建材城西路85号院22号楼,116.326327,40.057265,ok
北京市海淀区西三旗街道科实五金有限责任公司社区卫生服务站,海淀区西三旗东建材城西路12号,100096,110108,海淀区,其他,非营利性医疗机构,164,北京市海淀区西三旗东建材城西路12号,116.359218,40.031255,ok
北京市海淀区西三旗街道龙岗社区卫生服务站,北京市海淀区西三旗街道龙岗路3号,100085,110108,海淀区,国有全资,非营利性医疗机构,165,北京市海淀区西三旗街道龙岗路3号,116.34378,40.028606,ok
北京市海淀区西三旗街道卫生学校社区卫生服务站,北京市海淀区清河永泰庄北路27号,100192,110108,海淀区,集体全资,非营利性医疗机构,166,北京市海淀区清河永泰庄北路27号,116.345587,40.035004,ok
北京市海淀区西三旗街道新材社区卫生服务站（北京新材医院）,北京市海淀区德外西三旗东建材城西路39号,100096,110108,海淀区,国有全资,非营利性医疗机构,167,北京市海淀区德外西三旗东建材城西路39号,116.326445,40.046821,ok
北京市海淀区西三旗街道永泰社区卫生服务站,北京市海淀区清缘里中区1号楼底商,100085,110108,海淀区,国有全资,非营利性医疗机构,168,北京市海淀区清缘里中区1号楼底商,116.351497,40.028647,ok
北京市海淀区西三旗社区卫生服务中心,北京市海淀区宝盛里32号楼,100192,110108,海淀区,国有全资,非营利性医疗机构,169,北京市海淀区宝盛里32号楼,116.36142,40.031414,ok
北京市海淀区香山街道香山社区卫生服务站,北京市海淀区香山北辛村25号,100093,110108,海淀区,国有全资,非营利性医疗机构,170,北京市海淀区香山北辛村25号,116.19729,39.993103,ok
北京市海淀区香山社区卫生服务中心,北京市海淀区香山路甲1号2区,100093,110108,海淀区,国有全资,非营利性医疗机构,171,北京市海淀区香山路甲1号2区,116.22863,39.997768,ok
北京市海淀区学院路街道城建第四社区卫生服务站,北京市海淀区王庄路27号,100083,110108,海淀区,国有全资,非营利性医疗机构,172,北京市海淀区王庄路27号,116.332802,39.994982,ok
北京市海淀区学院路街道大华无线电仪器厂社区卫生服务站,北京市海淀区学院路14号,100083,110108,海淀区,国有全资,非营利性医疗机构,173,北京市海淀区学院路14号,116.345457,40.002124,ok
北京市海淀区学院路街道东王庄社区卫生服务站,东王庄小区8号楼一层,100083,110108,海淀区,国有全资,非营利性医疗机构,174,北京市东王庄小区8号楼一层,116.340481,39.99833,ok
北京市海淀区学院路街道二里庄社区卫生服务站,北京市海淀区二里庄5号楼一层,100083,110108,海淀区,其他,非营利性医疗机构,175,北京市海淀区二里庄5号楼一层,116.360569,39.996773,ok
北京市海淀区学院路街道建清园社区卫生服务站,北京市海淀区学院路建清园小区3号楼、北京市海淀区双泉堡125号院2号楼1号,100085,110108,海淀区,集体全资,非营利性医疗机构,176,北京市海淀区学院路建清园小区3号楼、北京市海淀区双泉堡125号院2号楼1号,116.351406,40.013473,ok
北京市海淀区学院路街道军休社区卫生服务站,海淀区二里庄15号,100083,110108,海淀区,国有全资,非营利性医疗机构,177,北京市海淀区二里庄15号,116.361673,39.993972,ok
北京市海淀区学院路街道林大北路社区卫生服务站,北京市海淀区林北路9号院白楼（原768粮店）,100039,110108,海淀区,国有全资,非营利性医疗机构,178,北京市海淀区林北路9号院白楼（原768粮店）,116.298281,39.938206,ok
北京市海淀区学院路街道信息产业部电子第六研究所社区卫生服务站,北京市海淀区学院路16号1号楼,100083,110108,海淀区,国有全资,非营利性医疗机构,179,北京市海淀区学院路16号1号楼,116.347847,39.997605,ok
北京市海淀区学院路街道志新村社区卫生服务站,北京市海淀区志新村小区8号楼,100039,110108,海淀区,国有全资,非营利性医疗机构,180,北京市海淀区志新村小区8号楼,116.360996,39.989599,ok
北京市海淀区学院路社区卫生服务中心,海淀区北四环中路279号展春园小区30号楼,100083,110108,海淀区,国有全资,非营利性医疗机构,181,北京市海淀区北四环中路279号展春园小区30号楼,116.337335,39.987023,ok
北京市海淀区燕园街道承泽园社区卫生服务站,北京市海淀区万泉河路承泽园1号,,110108,海淀区,国有全资,非营利性医疗机构,182,北京市海淀区万泉河路承泽园1号,116.293619,39.985782,ok
北京市海淀区羊坊店街道北蜂窝社区卫生服务站,北京市海淀区羊坊店柳林馆南里14-4-2,100038,110108,海淀区,国有全资,非营利性医疗机构,183,北京市海淀区羊坊店柳林馆南里14-4-2,116.304741,39.909965,ok
北京市海淀区羊坊店街道翠微路社区卫生服务站,北京市海淀区翠微路18号办公楼一层翠微路社区卫生服务站,100036,110108,海淀区,国有全资,非营利性医疗机构,184,北京市海淀区翠微路18号办公楼一层翠微路社区卫生服务站,116.296543,39.908946,ok
北京市海淀区羊坊店街道黄亭子社区卫生服务站,北京市海淀区羊坊店路甲2号,100038,110108,海淀区,国有全资,非营利性医疗机构,185,北京市海淀区羊坊店路甲2号,116.315793,39.901551,ok
北京市海淀区羊坊店街道会城门社区卫生服务站,北京市海淀区复兴路4号院5号楼1层西侧,100038,110108,海淀区,集体全资,非营利性医疗机构,186,北京市海淀区复兴路4号院5号楼1层西侧,116.325292,39.903067,ok
北京市海淀区羊坊店街道莲花小区社区卫生服务站,北京市海淀区莲花小区2号楼3门设备层耳房,100036,110108,海淀区,国有全资,非营利性医疗机构,187,北京市海淀区莲花小区2号楼3门设备层耳房,116.297175,39.89505,ok
北京市海淀区羊坊店街道茂林社区卫生服务站,北京市海淀区木樨地茂林小区7号楼北一层,100036,110108,海淀区,集体全资,非营利性医疗机构,188,北京市海淀区木樨地茂林小区7号楼北一层,116.325278,39.906675,ok
北京市海淀区羊坊店街道水科院社区卫生服务站,北京市海淀区复兴路甲1号院,100044,110108,海淀区,国有全资,非营利性医疗机构,189,北京市海淀区复兴路甲1号院,116.32464,39.908744,ok
北京市海淀区羊坊店街道吴家村社区卫生服务站,海淀区吴家村10号院,100073,110108,海淀区,国有全资,非营利性医疗机构,190,北京市海淀区吴家村10号院,116.291237,39.887751,ok
北京市海淀区羊坊店街道颐源居社区卫生服务站,北京市海淀区翠微路4号院颐源居小区6号楼一层、5号楼一层,100036,110108,海淀区,国有全资,非营利性医疗机构,191,北京市海淀区翠微路4号院颐源居小区6号楼一层、5号楼一层,116.29851,39.915087,ok
北京市海淀区羊坊店社区卫生服务中心(北京市海淀区北蜂窝医院),北京市海淀区北蜂窝路中段西侧,100038,110108,海淀区,国有全资,非营利性医疗机构,192,北京市海淀区北蜂窝路中段西侧,116.322772,39.900575,ok
北京市海淀区永定路街道八街坊社区卫生服务站,海淀区金沟河路5号826楼前,100039,110108,海淀区,国有全资,非营利性医疗机构,193,北京市海淀区金沟河路5号826楼前,116.261226,39.917621,ok
北京市海淀区永定路街道九街坊社区卫生服务站,海淀区金沟河路2号916楼,100039,110108,海淀区,国有全资,非营利性医疗机构,194,北京市海淀区金沟河路2号916楼,116.267126,39.913831,ok
北京市海淀区永定路街道六街坊社区卫生服务站,海淀区复兴路79号627综合服务楼,100039,110108,海淀区,国有全资,非营利性医疗机构,195,北京市海淀区复兴路79号627综合服务楼,116.2639,39.907054,ok
北京市海淀区永定路街道四街坊社区卫生服务站,永定路52号一区,100039,110108,海淀区,国有全资,非营利性医疗机构,196,北京市永定路52号一区,116.258889,39.91142,ok
北京市海淀区永定路社区卫生服务中心,海淀区永定路57号213楼,100039,110108,海淀区,国有全资,非营利性医疗机构,197,北京市海淀区永定路57号213楼,116.255791,39.910459,ok
北京市海淀区玉渊潭社区卫生服务中心(北京市海淀区玉渊潭医院),北京市海淀区阜成路85号,100142,110108,海淀区,国有全资,非营利性医疗机构,198,北京市海淀区阜成路85号,116.286445,39.924261,ok
北京市海淀区中关村街道保福寺社区卫生服务站,中关村南二条甲334楼101,100190,110108,海淀区,国有全资,非营利性医疗机构,199,北京市中关村南二条甲334楼101,116.32788,39.981575,ok
北京市海淀区中关村街道华清园社区卫生服务站,北京市海淀区东升园公寓10号楼5南侧,100083,110108,海淀区,国有全资,非营利性医疗机构,200,北京市海淀区东升园公寓10号楼5南侧,116.329858,39.988019,ok
北京市海淀区中关村街道科学园南里社区卫生服务站,科学园南里东街6-5,100101,110108,海淀区,国有全资,非营利性医疗机构,201,北京市科学园南里东街6-5,116.377434,39.996219,ok
北京市海淀区中关村街道青云北区社区卫生服务站,北京市海淀区青云北宿舍区,100086,110108,海淀区,国有全资,非营利性医疗机构,202,北京市海淀区青云北宿舍区,116.325326,39.973398,ok
北京市海淀区中关村街道水清木华园社区卫生服务站,北京市海淀区中关村北二街水清木华园1-107,100080,110108,海淀区,国有全资,非营利性医疗机构,203,北京市海淀区中关村北二街水清木华园1-107,116.321802,39.986768,ok
北京市海淀区中关村街道知春东里社区卫生服务站,海淀区双榆树知春东里9号楼,100086,110108,海淀区,集体全资,非营利性医疗机构,204,北京市海淀区双榆树知春东里9号楼,116.32043,39.974598,ok
北京市海淀区紫竹院街道厂洼社区卫生服务站,海淀区紫竹院街道社区卫生服务中心一层,100081,110108,海淀区,国有全资,非营利性医疗机构,205,北京市海淀区紫竹院街道社区卫生服务中心一层,116.339244,39.971052,ok
北京市海淀区紫竹院街道车道沟南里社区卫生服务站,北京市海淀区车道沟南里20号楼地下一层,100089,110108,海淀区,国有全资,非营利性医疗机构,206,北京市海淀区车道沟南里20号楼地下一层,116.291393,39.939807,ok
北京市海淀区紫竹院街道航天工业机关北区社区卫生服务站,北京市海淀区紫竹院14号院西侧平房,100048,110108,海淀区,国有全资,非营利性医疗机构,207,北京市海淀区紫竹院14号院西侧平房,116.308291,40.027809,ok
北京市海淀区紫竹院街道青年政治学院社区卫生服务站,西三环北路25号,100089,110108,海淀区,国有全资,非营利性医疗机构,208,北京市西三环北路25号,116.302172,39.949217,ok
北京市海淀区紫竹院街道魏公村社区卫生服务站,魏公村小区19号楼西侧平房,100081,110108,海淀区,国有全资,非营利性医疗机构,209,北京市魏公村小区19号楼西侧平房,116.310933,39.951732,ok
北京体育大学社区卫生服务中心（北京体育大学医院）,北京海淀中关村北大街（圆明园东路）,100084,110108,海淀区,国有全资,非营利性医疗机构,210,北京市北京海淀中关村北大街（圆明园东路）,116.314492,40.02078,ok
北京外国语大学社区卫生服务中心（北京外国语大学医院）,北京市海淀区西三环北路19号7号楼,100089,110108,海淀区,国有全资,非营利性医疗机构,211,北京市海淀区西三环北路19号7号楼,116.301268,39.95406,ok
北京邮电大学社区卫生服务中心（北京邮电大学医院）,北京海淀区西土城路10号,100876,110108,海淀区,国有全资,非营利性医疗机构,212,北京市北京海淀区西土城路10号,116.351734,39.960729,ok
北京语言大学社区卫生服务中心,北京海淀区学院路15号,100083,110108,海淀区,国有全资,非营利性医疗机构,213,北京市北京海淀区学院路15号,116.350306,39.997814,ok
兵器工业北京北方医院紫竹院社区卫生服务中心,北京市海淀区车道沟10号西院,100089,110108,海淀区,集体全资,非营利性医疗机构,214,北京市海淀区车道沟10号西院,116.293553,39.946897,ok
清华大学社区卫生服务中心,北京市海淀区清华园1号清华大学医院三层及一层、二层部分房间,100039,110108,海淀区,集体全资,非营利性医疗机构,215,北京市海淀区清华园1号清华大学医院三层及一层、二层部分房间,116.320793,40.0019,ok
首都师范大学社区卫生服务中心（首都师范大学校医院）,海淀区西三环北路105号,100048,110108,海淀区,国有全资,非营利性医疗机构,216,北京市海淀区西三环北路105号,116.303102,39.927386,ok
中国地质大学（北京）社区卫生服务中心,海淀区学院路29号,100083,110108,海淀区,国有全资,非营利性医疗机构,217,北京市海淀区学院路29号,116.342688,39.989971,ok
中国矿业大学(北京)社区卫生服务站,北京市海淀区学院路丁11号,100083,110108,海淀区,国有全资,非营利性医疗机构,218,北京市海淀区学院路丁11号,116.342183,39.996189,ok
中国农业大学东区社区卫生服务中心（中国农业大学东区医院）,北京市海淀区清华东路17号,100083,110108,海淀区,国有全资,非营利性医疗机构,219,北京市海淀区清华东路17号,116.350795,40.00322,ok
中国农业大学西区社区卫生服务中心（中国农业大学西区医院）,北京市海淀区圆明园西路2号,100094,110108,海淀区,国有全资,非营利性医疗机构,220,北京市海淀区圆明园西路2号,116.276677,40.024778,ok
中国人民大学社区卫生服务中心（中国人民大学医院）,北京市海淀区中关村大街59号,100872,110108,海淀区,国有全资,非营利性医疗机构,221,北京市海淀区中关村大街59号,116.306396,39.96974,ok
中央民族大学社区卫生服务中心,北京市海淀区中关村南大街27号,100081,110108,海淀区,国有全资,非营利性医疗机构,222,北京市海淀区中关村南大街27号,116.313558,39.949391,ok
